features,1,2,3,4,5,mean_gain,cumulative_gain
AGE,1261228.4301793575,1256385.208092928,1178566.6629486084,1250720.110913515,1246372.8961613178,1238654.6616591453,0.1332685636344082
I10_NPR,1189605.2736411095,1188199.9864675999,1341956.9556601048,1186279.8640418053,1198230.5443598032,1220854.5248340846,0.2646219859944969
DRG_NoPOA,719129.6540923119,731828.5093462467,621881.2192707062,689232.03622365,800719.3503217697,712558.1538509369,0.3412871006621327
HOSP_NIS,467583.51803159714,481750.9760725498,469577.51590800285,473305.3782055378,469936.71008610725,472430.81966075895,0.392116584215266
APRDRG,414884.4168138504,430498.7235176563,442642.18629693985,426890.7258324623,449490.9473205805,432881.3999562979,0.43869089114836557
DRG,451878.6341779232,450032.7531580925,381357.08127141,450965.8331153393,333058.75900387764,413458.61214532855,0.4831754735493049
NIS_STRATUM,278371.8478834629,293838.683413744,286958.14489889145,285745.0500781536,291789.9548764229,287340.73623013496,0.5140908597149294
source,262822.67557811737,258515.54826712608,262436.2324786186,273180.3629670143,260849.4222919941,263560.8483165741,0.5424477349382203
PAY1,247050.06761026382,246575.40899896622,281370.72652077675,248060.1088526249,239109.42215538025,252433.14682760238,0.5696073654088848
AMONTH,229336.54947066307,229766.78923773766,230013.5734386444,227326.12150859833,234576.91112542152,230203.988956213,0.5943753301215127
ELECTIVE,221461.84363126755,215919.3768594265,227371.29096484184,228133.671551466,209657.97712278366,220508.83202595712,0.6181001795266223
Pa,204920.11644387245,195811.7441842556,200342.69936442375,193141.1057932377,202868.25858569145,199416.7848742962,0.6395557064845488
TRAN_IN,160557.30476117134,159956.3936560154,158172.13203144073,155374.62345051765,164647.8251504898,159741.65580992698,0.656742531579007
PL_NCHS,161593.27028250694,155297.13775277138,160909.53968310356,163305.18314552307,156917.96860814095,159604.61989440917,0.6739146127902889
DRGVER,139117.71600699425,134010.94759488106,139923.84871649742,132245.13308858871,142214.4270298481,137502.4144873619,0.6887086872342895
MDC,113178.79646062851,136566.2298593521,132856.0731408596,145125.87972187996,129552.25144815445,131455.84612617493,0.7028522030477405
HOSP_DIVISION,114818.95047616959,129415.20679879189,126061.15978384018,130679.06406450272,123997.44045686722,124994.36431603432,0.7163005191203423
RACE,122325.53007626534,124554.48284316063,121749.29700613022,128105.23150086403,114521.45738720894,122251.19976272582,0.7294536943347629
ZIPINC_QRTL,119473.49882054329,118223.19293427467,123327.28294444084,122596.20337176323,125068.31200838089,121737.69801588058,0.7425516211879218
HCUP_ED,109011.91003894806,122452.23852181435,122248.41791152954,116726.50814294815,119542.97357940674,117996.40963892937,0.7552470176639129
YEAR,117270.93209123611,112024.07740688324,112550.15188550949,119702.74561095238,114610.6887743473,115231.7191537857,0.7676449572770239
MDC_NoPOA,131007.29515767097,105612.47672104836,113657.17956709862,104080.5241510868,108076.82514023781,112486.86014742851,0.7797475737234129
Urological___Gastrointestinal_Issues,111017.4895195961,113036.79155993462,108246.23608326912,111129.43669104576,98972.45626544952,108480.48202385902,0.7914191384211335
FED,109684.46436214447,103782.02101826668,95324.42406463623,105179.48387503624,97358.45286941528,102265.76923789977,0.8024220535977069
Neurological_Pathology_Chronic_Progressive,83922.52849054337,91038.7161397934,91135.68125081062,91050.78368353844,96024.81400346756,90634.50471363068,0.8121735449800769
DQTR,91181.45540452003,83919.68005752563,85706.99097514153,85819.03241157532,86237.34136021137,86572.90004179478,0.8214880427132716
Cervical,83347.19381260872,81608.62808966637,77038.00040912628,77942.26019120216,82856.17189621925,80558.45087976455,0.830155437564859
Central_cord_syndrome_of_cervical_spinal_cord,68646.6987695694,64729.29111480713,72287.92856431007,67998.01174783707,67901.59349489212,68312.70473828315,0.8375052956974381
Other_and_unspecified_injuries_of_cervical_spinal_cord,59688.024252176285,61650.003123283386,59922.75969815254,63282.97891449928,57438.342004299164,60396.421598482135,0.8440034300073728
Concussion,61658.220271110535,56376.900992155075,59965.28374004364,58869.56235074997,64409.66604089737,60255.926678991316,0.8504864482751223
Traumatic_cerebral_edema,54646.68735957146,47732.10536193848,50085.42161941528,48474.87799024582,44715.82471728325,49130.98340969086,0.8557725185509045
Neurological_Complications,42564.90194988251,47605.36562728882,43660.64943242073,41694.966745615005,45501.64420294762,44205.505591630936,0.8605286498740922
WL,40012.03554058075,38394.426235198975,44202.09021997452,38629.288241147995,42995.2844517231,40846.624937725064,0.8649233945945234
AWEEKEND,41055.421067237854,38679.32431268692,38606.799281835556,39349.21496486664,42055.15327978134,39949.18258128166,0.8692215822539028
Structural_Pathology,38308.82195162773,38653.97056865692,38889.93046140671,37759.07657289505,40762.50894165039,38874.86169924736,0.8734041822476778
Concussion_and_edema_of_cervical_spinal_cord,38690.90960454941,37079.672417640686,39864.395823955536,39864.94330453873,36510.65988278389,38402.11620669365,0.877535918901809
FEMALE,36821.567933797836,39969.74030709267,36887.90582561493,36964.349821567535,38190.226677656174,37766.75811314583,0.8815992965022497
Other_incomplete_lesions_of_cervical_spinal_cord,36750.09163427353,39171.449907541275,37373.08354592323,36969.090161800385,36860.39837360382,37424.82272462845,0.8856258848025778
OND,34980.515395879745,36781.148706912994,39793.54758429527,36223.56718492508,38197.73852062225,37195.30347852707,0.8896277788106215
Other_and_unspecified_injuries_of_thoracic_spinal_cord,37402.40847206116,36492.4635412693,36518.927730321884,34893.25784659386,36003.13062596321,36262.037643241885,0.8935292614601104
HTNU,35954.137994766235,36255.13486266136,36444.04086613655,35017.21525478363,33361.47779226303,35406.401354122165,0.8973386850209977
Arr,35575.00096797943,36903.67667746544,33366.4768075943,33288.41538667679,36260.66961598396,35078.84789113999,0.9011128666529791
Thoracic,33094.078318834305,36293.45961976051,33288.345574855804,35886.04869174957,31924.674169063568,34097.32127485275,0.9047814444824072
Unspecified_intracranial_injury,33507.20353317261,32721.71592617035,31933.029881954193,33860.84885430336,36660.093254089355,33736.57828993797,0.9084112094764834
Complete_lesion_of_thoracic_spinal_cord,35793.64714384079,32738.751354455948,32338.662402153015,33786.04336953163,30531.912217140198,33037.80329742432,0.9119657923052328
Traumatic_subarachnoid_hemorrhage,29614.322264671326,32132.085386037827,37184.53040623665,32892.21306014061,33220.28057026863,33008.68633747101,0.915517242400097
Traumatic_subdural_hemorrhage,34086.48793768883,32715.223756551743,32372.44717144966,33061.81341743469,31914.815135240555,32830.157483673094,0.9190494843293204
Mental_Health___Psychological_Impact,33806.29496335983,33321.05943107605,31458.50204539299,32657.01108789444,30855.764119148254,32419.726329374313,0.9225375674045088
DrugA,28306.3195540905,26126.18055486679,29476.612278223038,25923.55082464218,26382.315481185913,27242.995738601683,0.9254686788947111
Musculoskeletal___Mobility_Issues,25338.40170431137,29027.2756690979,26753.584455251694,23973.95265197754,26622.33606338501,26343.110108804703,0.9283029704487111
Hematologic_Pathology,25722.14839410782,25465.762046337128,28133.34370827675,22390.1537630558,27080.629766464233,25758.407535648344,0.9310743530463331
Dep,25228.62804889679,25469.63529109955,24736.49435710907,26866.33982849121,24995.546223640442,25459.328749847413,0.9338135573448448
Lumbar_and_Sacral,26128.482274770737,25541.126321077347,23664.626358747482,23557.86428976059,23758.359543800354,24530.0917576313,0.9364527837535848
Other_and_unspecified_injury_of_lumbar_and_sacral_spinal_cord,22367.02977371216,25801.85477399826,27226.9160091877,19253.612855196,25375.48544406891,24004.979771232604,0.9390355126393745
Neurological_Pathology_Acute,23870.381968975067,25632.029055595398,23036.56028652191,24363.212408065796,23039.793606758118,23988.395465183257,0.9416164571968003
Coag,23494.793278694153,24411.784258127213,21745.95519709587,23661.955694675446,25518.753453969955,23766.648376512527,0.9441735436790805
_Complete_lesion_of_cervical_spinal_cord,21072.971946001053,22820.486105918884,23575.13002371788,24959.820729255676,24863.80168390274,23458.442097759245,0.9466974698226932
Epidural_hemorrhage,21077.885942697525,21039.531057834625,26547.618671417236,19392.463933944702,26225.447333812714,22856.58938794136,0.9491566418030677
Emotional_Behavioral_Cognitive,24284.544436216354,22442.142152309418,22693.297081708908,22906.578634023666,21832.21295595169,22831.755052042008,0.9516131418229865
CPD,19931.453866958618,22691.40329360962,20568.688168764114,22206.4793176651,25823.1366045475,22244.23225030899,0.9540064294542444
Other_incomplete_lesions_of_thoracic_spinal_cord,20297.573574543,20263.181207180023,21034.09451341629,21484.31375336647,21731.85879802704,20962.204369306564,0.9562617819373703
Obe,21758.00342273712,19959.747047185898,21327.73562979698,20607.613201141357,20724.40017223358,20875.499894618988,0.9585078057664654
Pain___Discomfort,19900.32086110115,22859.276381492615,21018.949018478394,20363.33778834343,19877.263472795486,20803.829504442216,0.9607461184794199
DMC,21299.749376773834,19395.39143562317,21149.968113660812,18713.27718448639,21293.94277405739,20370.46577692032,0.9629378049911533
_CHF,20864.53361058235,18237.449934720993,19776.207810163498,20702.82979631424,18093.959196567535,19534.996069669724,0.9650396021646459
Psych,19291.993921756744,19095.53288936615,18345.44963979721,20877.21740269661,19363.436061382294,19394.7259829998,0.9671263074860268
Diffuse_traumatic_brain_injury,15578.738030195236,18005.055841445923,18428.828671216965,17073.46716952324,20298.600199699402,17876.93798241615,0.9690497119028049
Injury_of_brachial_plexus,16388.82649207115,18203.084721565247,16857.723161935806,18465.2219786644,16057.443552494049,17194.459981346132,0.9708996875700453
HTNC,14281.839410543442,15079.220783233643,17409.083383321762,18465.77535057068,15852.818899869919,16217.747565507889,0.9726445774011994
DMU,17482.716421842575,15950.569721221924,14273.44124507904,14702.198557853699,16150.333592414856,15711.85190768242,0.974335037220701
HypoT,16628.968048095703,15475.865894079208,13915.350795507431,14377.063438415527,16627.57157754898,15404.96395072937,0.9759924785415964
DA,14891.399593353271,15494.202987194061,13714.188327789307,14805.67822933197,13151.313100099564,14411.356447553635,0.9775430162606539
Focal_traumatic_brain_injury,15539.103841304779,14888.018186092377,12920.048626184464,13064.979580879211,12032.094867706299,13688.849020433427,0.9790158184090088
Incomplete_lesion_of_lumbar_spinal_cord,11624.577431201935,12101.28822016716,12002.85498380661,13615.357024669647,13284.463443994522,12525.708220767974,0.9803634766343042
Respiratory___Pulmonary_Issues,10361.743637800217,11868.860252857208,10560.531992197037,13857.72702741623,13575.370724201202,12044.846726894379,0.9816593983081787
Anterior_cord_syndrome_of_cervical_spinal_cord,12441.580212116241,10626.483663082123,10887.441050052643,12161.565496444702,11000.69351530075,11423.552787399292,0.982888474110097
RF,10541.549453020096,12087.37230014801,11065.191463947296,10993.538606405258,12201.680792808533,11377.866523265839,0.984112634463838
LD,9492.670549154282,11740.001879930496,8903.852909564972,12357.7407412529,10504.68976354599,10599.791168689728,0.9852530806169117
PVD,11478.379237174988,9879.121376991272,8406.581281900406,11696.663004636765,11204.414922237396,10533.031964588165,0.9863863440551294
Concussion_and_edema_of_lumbar_and_sacral_spinal_cord,9814.350209236145,7994.661128044128,11080.705906867981,9252.480428695679,8500.153570890427,9328.470248746871,0.9873900070367805
Concussion_and_edema_of_thoracic_spinal_cord,10549.312433242798,8857.05028796196,8407.755449056625,9473.771500825882,7627.204885959625,8983.018911409377,0.9883565024325357
RA,6552.689648151398,7117.576795101166,6622.123865604401,6530.3132445812225,6304.377979278564,6625.41630654335,0.9890693401119826
ValD,6486.572187900543,7411.910103321075,5829.772045373917,7314.76296544075,6030.12139749527,6614.627739906311,0.9897810170346633
Complete_lesion_of_lumbar_spinal_cord,6790.439485788345,5071.921478271484,6721.131498575211,7688.499883174896,5271.406374454498,6308.679744052887,0.9904597765904488
Other_specified_intracranial_injuries,6258.56582570076,4788.124098062515,4370.81219625473,4956.056081295013,6961.071155548096,5466.925871372223,0.9910479706859666
Other_and_unspecified_injury_to_sacral_spinal_cord,5528.7368450164795,5460.311189174652,5409.1802406311035,5458.066662788391,5230.95611166954,5417.450209856033,0.9916308416268158
Mets,5878.838061332703,4865.853237628937,5777.111789941788,4785.47429060936,4864.317762851715,5234.319028472901,0.9921940092312508
PulmCD,5812.884777069092,5148.8055691719055,5719.2933514118195,4267.454729557037,4804.831195831299,5150.65392460823,0.9927481751917543
STU,4962.136103153229,4715.098355770111,4990.816314697266,5327.745234489441,5115.679810762405,5022.29516377449,0.9932885308561231
Other_Regulatory_Issues,4250.923175811768,4630.258469820023,5255.098357439041,4698.838399648666,5088.609479904175,4784.745576524734,0.9938033282327264
Infectious_Pathology,5665.741689920425,4159.21847653389,4629.3401601314545,3572.4861931800842,4348.616694927216,4475.080642938614,0.9942848083319767
Brown_Séquard_syndrome_of_cervical_spinal_cord,4287.678681612015,4078.9237394332886,5333.363703489304,4183.125091552734,4124.97278213501,4401.61279964447,0.9947583839246263
Injury_of_nerve_root_of_cervical_spine,4775.80958366394,4104.594211339951,4002.9378044605255,4499.028826236725,4425.899573087692,4361.6539997577665,0.9952276602948774
Post_Surgical___Structural_Issues,5089.186782360077,4602.312066555023,4484.167850017548,3298.5360407829285,4138.236733198166,4322.487894582749,0.9956927227298474
Injury_of_cauda_equina,3831.910407066345,4442.941046476364,4179.290361404419,3012.151924610138,5452.313691854477,4183.721486282348,0.9961428550955355
Injury_of_cervical_sympathetic_nerves,4875.815050363541,4117.051833868027,2328.114332675934,4267.888420343399,4563.763113021851,4030.52655005455,0.9965765050067195
BLA,3295.470039367676,4400.610900640488,4060.371079683304,3813.8514029979706,3136.9295566082,3741.4465958595274,0.9969790524068779
Injury_of_nerve_root_of_lumbar_and_sacral_spine,1765.7888073921204,2747.297300338745,5209.673738241196,3059.774561405182,4163.73233962059,3389.2533493995666,0.9973437068498382
Circulatory___Vascular_Issues,2633.6603350639343,3140.7311470508575,2940.8661518096924,3591.4375698566437,3444.583662509918,3150.255773258209,0.9976826472139109
Sexual___Reproductive_Issues,1970.138090133667,3899.722063779831,2153.8372118473053,2899.7898008823395,2548.1251876354218,2694.3224708557127,0.9979725330850687
AA,2191.7252357006073,1775.1825165748596,2498.360035419464,2237.0700056552887,2599.473568201065,2260.362272310257,0.9982157285798653
Lym,2123.1608939170837,1684.0597262382507,2152.0185306072235,2128.0115756988525,2428.875977754593,2103.2253408432007,0.9984420174954522
PUD,1948.7107374668121,1933.9263620376587,1672.9022352695465,2556.9965963363647,2124.6062672138214,2047.4284396648407,0.998662303145476
_Injury_of_other_specified_nerves_of_neck,2576.043570280075,1935.9262037277222,2382.0401005744934,0.0,2308.9802725315094,1840.59802942276,0.9988603356263621
Injury_of_nerve_root_of_thoracic_spine,2162.9154176712036,1875.9427862167358,1373.6273012161255,1764.8461174964905,909.2467932701111,1617.3156831741333,0.9990343448516222
Brown_Séquard_syndrome_of_thoracic_spinal_cord,1225.2148022651672,611.8003673553467,1846.6296346187592,1902.1051545143127,1714.6175084114075,1460.0734934329987,0.9991914361727898
Surgical_Interventions,1514.9896264076233,921.3537538051605,2416.5664105415344,1319.043509721756,1105.9026901721954,1455.571198129654,0.9993480430857954
Skin___Pressure_Related_Conditions,1444.882780790329,968.593199968338,1866.6232571601868,1313.3708806037903,1235.7724318504333,1365.8485100746154,0.9994949966110307
Concussion_and_edema_of_sacral_spinal_cord,2893.978129863739,0.0,2686.1109585762024,0.0,0.0,1116.0178176879883,0.9996150705074582
AIDS,887.5976033210754,691.1619522571564,524.7039024829865,754.2855455875397,993.3281795978546,770.2154366493226,0.999697939048714
Anterior_cord_syndrome_of_thoracic_spinal_cord,832.5534589290619,558.2767477035522,915.5477092266083,718.9878318309784,801.2998490333557,765.3331193447113,0.9997802822947162
Injury_of_unspecified_nerves_of_neck,0.0,1065.5993530750275,751.2190735340118,709.7066380977631,1048.128258228302,714.9306645870208,0.9998572026710866
Traumatic_brain_compression_and_herniation,714.552393913269,578.555935382843,666.1656775474548,905.3982648849487,574.60649061203,687.8557524681091,0.9999312100203152
Injury_of_lumbosacral_plexus,0.0,0.0,1442.4727401733398,1381.9583115577698,372.3854625225067,639.3633028507232,0.9999999999999996
Injury_of_peripheral_nerves_of_neck,0.0,0.0,0.0,0.0,0.0,0.0,0.9999999999999996
Injury_of_lumbar__sacral_and_pelvic_sympathetic_nerves,0.0,0.0,0.0,0.0,0.0,0.0,0.9999999999999996
Injury_of_peripheral_nerve_s__at_abdomen__lower_back_and_pelvis_level,0.0,0.0,0.0,0.0,0.0,0.0,0.9999999999999996
Injury_of_other_nerves_at_abdomen__lower_back_and_pelvis_level,0.0,0.0,0.0,0.0,0.0,0.0,0.9999999999999996
Injury_of_unspecified_nerves_at_abdomen__lower_back_and_pelvis_level,0.0,0.0,0.0,0.0,0.0,0.0,0.9999999999999996
Injury_of_unspecified_nerve_of_thorax,0.0,0.0,0.0,0.0,0.0,0.0,0.9999999999999996
Injury_of_other_specified_nerves_of_thorax,0.0,0.0,0.0,0.0,0.0,0.0,0.9999999999999996
Injury_of_thoracic_sympathetic_nervous_system,0.0,0.0,0.0,0.0,0.0,0.0,0.9999999999999996
Injury_of_peripheral_nerves_of_thorax,0.0,0.0,0.0,0.0,0.0,0.0,0.9999999999999996
