,,,,,,,,,,,,,,,,,,,,,,,,,,,,,,,,,,,,,,,,,,,,,,,,,,,,,,,,,,,,,,,,,,,,,,,,,,,,,,,,,,,,,,,,,,,,,,,,,,,,,,,,,,,,,,,,,,,,,,,,,,,,,,,,,,,,,,,,,,,,,,,,,,,,,,,,,,,,,,,,,,,,,,,,,,,,,,,,,,,,,,,,,,,,,,,,,,,,,,,,,,,,,,,,,,,,,,,,,,,,,,,,,,,,,,,,,,,,,,,,,,,,,,,,,,,,,,,,,,,,,,,,,,,,,,,,,,,,,,,,,,,,,,,,,,,,,,,,,,,,,,,,,,,,,,,,,,,,,,,,,,,,,,,,,,,,,,,,,,,,,,,,,,,,,,,,,,,,,,,,,,,,,,,,,,,,,,,,,,,,,,,,,,,,,,,,,,,,,,,,,,,,,,,,,,,,,,,,,,,,,,,,,,,,,,,,,,,,,,,,,,,,,,,,,,,,,,,,,,,,,,,,,,,,,,,,,,,,,,,,,,,,,,,,,,,
,,,,,,,,,,,,,,,,,,,,,,,,,,,,,,,,,,,,,,,,,,,,,,,,,,,,,,,,,,,,,,,,,,,,,,,,,,,,,,,,,,,,,,,,,,,,,,,,,,,,,,,,,,,,,,,,,,,,,,,,,,,,,,,,,,,,,,,,,,,,,,,,,,,,,,,,,,,,,,,,,,,,,,,,,,,,,,,,,,,,,,,,,,,,,,,,,,,,,,,,,,,,,,,,,,,,,,,,,,,,,,,,,,,,,,,,,,,,,,,,,,,,,,,,,,,,,,,,,,,,,,,,,,,,,,,,,,,,,,,,,,,,,,,,,,,,,,,,,,,,,,,,,,,,,,,,,,,,,,,,,,,,,,,,,,,,,,,,,,,,,,,,,,,,,,,,,,,,,,,,,,,,,,,,,,,,,,,,,,,,,,,,,,,,,,,,,,,,,,,,,,,,,,,,,,,,,,,,,,,,,,,,,,,,,,,,,,,,,,,,,,,,,,,,,,,,,,,,,,,,,,,,,,,,,,,,,,,,,,,,,,,,,,,,,,,
Concussion,S060,S060X,S060X0,S060X0A,S060X0D,S060X0S,S060X1,S060X1A,S060X1D,S060X1S,S060XA,S060XAA,S060XAD,S060XAS,S060X9,S060X9A,S060X9D,S060X9S,,,,,,,,,,,,,,,,,,,,,,,,,,,,,,,,,,,,,,,,,,,,,,,,,,,,,,,,,,,,,,,,,,,,,,,,,,,,,,,,,,,,,,,,,,,,,,,,,,,,,,,,,,,,,,,,,,,,,,,,,,,,,,,,,,,,,,,,,,,,,,,,,,,,,,,,,,,,,,,,,,,,,,,,,,,,,,,,,,,,,,,,,,,,,,,,,,,,,,,,,,,,,,,,,,,,,,,,,,,,,,,,,,,,,,,,,,,,,,,,,,,,,,,,,,,,,,,,,,,,,,,,,,,,,,,,,,,,,,,,,,,,,,,,,,,,,,,,,,,,,,,,,,,,,,,,,,,,,,,,,,,,,,,,,,,,,,,,,,,,,,,,,,,,,,,,,,,,,,,,,,,,,,,,,,,,,,,,,,,,,,,,,,,,,,,,,,,,,,,,,,,,,,,,,,,,,,,,,,,,,,,,,,,,,,,,,,,,,,,,,,,,,,,,,,,,,,,,,,,,,,,,,,,,,,,,,
,,,,,,,,,,,,,,,,,,,,,,,,,,,,,,,,,,,,,,,,,,,,,,,,,,,,,,,,,,,,,,,,,,,,,,,,,,,,,,,,,,,,,,,,,,,,,,,,,,,,,,,,,,,,,,,,,,,,,,,,,,,,,,,,,,,,,,,,,,,,,,,,,,,,,,,,,,,,,,,,,,,,,,,,,,,,,,,,,,,,,,,,,,,,,,,,,,,,,,,,,,,,,,,,,,,,,,,,,,,,,,,,,,,,,,,,,,,,,,,,,,,,,,,,,,,,,,,,,,,,,,,,,,,,,,,,,,,,,,,,,,,,,,,,,,,,,,,,,,,,,,,,,,,,,,,,,,,,,,,,,,,,,,,,,,,,,,,,,,,,,,,,,,,,,,,,,,,,,,,,,,,,,,,,,,,,,,,,,,,,,,,,,,,,,,,,,,,,,,,,,,,,,,,,,,,,,,,,,,,,,,,,,,,,,,,,,,,,,,,,,,,,,,,,,,,,,,,,,,,,,,,,,,,,,,,,,,,,,,,,,,,,,,,,,,,
Epidural hemorrhage,S064,S064X,S064X0,S064X0A,S064X0D,S064X0S,S064X1,S064X1A,S064X1D,S064X1S,S064X2,S064X2A,S064X2D,S064X2S,S064X3,S064X3A,S064X3D,S064X3S,S064X4,S064X4A,S064X4D,S064X4S,S064X5,S064X5A,S064X5D,S064X5S,S064X6,S064X6A,S064X6D,S064X6S,S064X7,S064X7A,S064X8,S064X8A,S064XA,S064XAA,S064XAD,S064XAS,S064X9,S064X9A,S064X9D,S064X9S,,,,,,,,,,,,,,,,,,,,,,,,,,,,,,,,,,,,,,,,,,,,,,,,,,,,,,,,,,,,,,,,,,,,,,,,,,,,,,,,,,,,,,,,,,,,,,,,,,,,,,,,,,,,,,,,,,,,,,,,,,,,,,,,,,,,,,,,,,,,,,,,,,,,,,,,,,,,,,,,,,,,,,,,,,,,,,,,,,,,,,,,,,,,,,,,,,,,,,,,,,,,,,,,,,,,,,,,,,,,,,,,,,,,,,,,,,,,,,,,,,,,,,,,,,,,,,,,,,,,,,,,,,,,,,,,,,,,,,,,,,,,,,,,,,,,,,,,,,,,,,,,,,,,,,,,,,,,,,,,,,,,,,,,,,,,,,,,,,,,,,,,,,,,,,,,,,,,,,,,,,,,,,,,,,,,,,,,,,,,,,,,,,,,,,,,,,,,,,,,,,,,,,,,,,,,,,,,,,,,,,,,,,,,,,,,,,,,,,,,,,,,,,,,,
,,,,,,,,,,,,,,,,,,,,,,,,,,,,,,,,,,,,,,,,,,,,,,,,,,,,,,,,,,,,,,,,,,,,,,,,,,,,,,,,,,,,,,,,,,,,,,,,,,,,,,,,,,,,,,,,,,,,,,,,,,,,,,,,,,,,,,,,,,,,,,,,,,,,,,,,,,,,,,,,,,,,,,,,,,,,,,,,,,,,,,,,,,,,,,,,,,,,,,,,,,,,,,,,,,,,,,,,,,,,,,,,,,,,,,,,,,,,,,,,,,,,,,,,,,,,,,,,,,,,,,,,,,,,,,,,,,,,,,,,,,,,,,,,,,,,,,,,,,,,,,,,,,,,,,,,,,,,,,,,,,,,,,,,,,,,,,,,,,,,,,,,,,,,,,,,,,,,,,,,,,,,,,,,,,,,,,,,,,,,,,,,,,,,,,,,,,,,,,,,,,,,,,,,,,,,,,,,,,,,,,,,,,,,,,,,,,,,,,,,,,,,,,,,,,,,,,,,,,,,,,,,,,,,,,,,,,,,,,,,,,,,,,,,,,,
Unspecified intracranial injury,S069,S069X,S069X0,S069X0A,S069X0D,S069X0S,S069X1,S069X1A,S069X1D,S069X1S,S069X2,S069X2A,S069X2D,S069X2S,S069X3,S069X3A,S069X3D,S069X3S,S069X4,S069X4A,S069X4D,S069X4S,S069X5,S069X5A,S069X5D,S069X5S,S069X6,S069X6A,S069X6D,S069X6S,S069X7,S069X7A,S069X8,S069X8A,S069XA,S069XAA,S069XAD,S069XAS,S069X9,S069X9A,S069X9D,S069X9S,,,,,,,,,,,,,,,,,,,,,,,,,,,,,,,,,,,,,,,,,,,,,,,,,,,,,,,,,,,,,,,,,,,,,,,,,,,,,,,,,,,,,,,,,,,,,,,,,,,,,,,,,,,,,,,,,,,,,,,,,,,,,,,,,,,,,,,,,,,,,,,,,,,,,,,,,,,,,,,,,,,,,,,,,,,,,,,,,,,,,,,,,,,,,,,,,,,,,,,,,,,,,,,,,,,,,,,,,,,,,,,,,,,,,,,,,,,,,,,,,,,,,,,,,,,,,,,,,,,,,,,,,,,,,,,,,,,,,,,,,,,,,,,,,,,,,,,,,,,,,,,,,,,,,,,,,,,,,,,,,,,,,,,,,,,,,,,,,,,,,,,,,,,,,,,,,,,,,,,,,,,,,,,,,,,,,,,,,,,,,,,,,,,,,,,,,,,,,,,,,,,,,,,,,,,,,,,,,,,,,,,,,,,,,,,,,,,,,,,,,,,,,,,,,
,,,,,,,,,,,,,,,,,,,,,,,,,,,,,,,,,,,,,,,,,,,,,,,,,,,,,,,,,,,,,,,,,,,,,,,,,,,,,,,,,,,,,,,,,,,,,,,,,,,,,,,,,,,,,,,,,,,,,,,,,,,,,,,,,,,,,,,,,,,,,,,,,,,,,,,,,,,,,,,,,,,,,,,,,,,,,,,,,,,,,,,,,,,,,,,,,,,,,,,,,,,,,,,,,,,,,,,,,,,,,,,,,,,,,,,,,,,,,,,,,,,,,,,,,,,,,,,,,,,,,,,,,,,,,,,,,,,,,,,,,,,,,,,,,,,,,,,,,,,,,,,,,,,,,,,,,,,,,,,,,,,,,,,,,,,,,,,,,,,,,,,,,,,,,,,,,,,,,,,,,,,,,,,,,,,,,,,,,,,,,,,,,,,,,,,,,,,,,,,,,,,,,,,,,,,,,,,,,,,,,,,,,,,,,,,,,,,,,,,,,,,,,,,,,,,,,,,,,,,,,,,,,,,,,,,,,,,,,,,,,,,,,,,,,,,
Traumatic cerebral edema,S061,S061X,S061X0,S061X0A,S061X0D,S061X0S,S061X1,S061X1A,S061X1D,S061X1S,S061X2,S061X2A,S061X2D,S061X2S,S061X3,S061X3A,S061X3D,S061X3S,S061X4,S061X4A,S061X4D,S061X4S,S061X5,S061X5A,S061X5D,S061X5S,S061X6,S061X6A,S061X6D,S061X6S,S061X7,S061X7A,S061X8,S061X8A,S061XA,S061XAA,S061XAD,S061XAS,S061X9,S061X9A,S061X9D,S061X9S,,,,,,,,,,,,,,,,,,,,,,,,,,,,,,,,,,,,,,,,,,,,,,,,,,,,,,,,,,,,,,,,,,,,,,,,,,,,,,,,,,,,,,,,,,,,,,,,,,,,,,,,,,,,,,,,,,,,,,,,,,,,,,,,,,,,,,,,,,,,,,,,,,,,,,,,,,,,,,,,,,,,,,,,,,,,,,,,,,,,,,,,,,,,,,,,,,,,,,,,,,,,,,,,,,,,,,,,,,,,,,,,,,,,,,,,,,,,,,,,,,,,,,,,,,,,,,,,,,,,,,,,,,,,,,,,,,,,,,,,,,,,,,,,,,,,,,,,,,,,,,,,,,,,,,,,,,,,,,,,,,,,,,,,,,,,,,,,,,,,,,,,,,,,,,,,,,,,,,,,,,,,,,,,,,,,,,,,,,,,,,,,,,,,,,,,,,,,,,,,,,,,,,,,,,,,,,,,,,,,,,,,,,,,,,,,,,,,,,,,,,,,,,,,,
,,,,,,,,,,,,,,,,,,,,,,,,,,,,,,,,,,,,,,,,,,,,,,,,,,,,,,,,,,,,,,,,,,,,,,,,,,,,,,,,,,,,,,,,,,,,,,,,,,,,,,,,,,,,,,,,,,,,,,,,,,,,,,,,,,,,,,,,,,,,,,,,,,,,,,,,,,,,,,,,,,,,,,,,,,,,,,,,,,,,,,,,,,,,,,,,,,,,,,,,,,,,,,,,,,,,,,,,,,,,,,,,,,,,,,,,,,,,,,,,,,,,,,,,,,,,,,,,,,,,,,,,,,,,,,,,,,,,,,,,,,,,,,,,,,,,,,,,,,,,,,,,,,,,,,,,,,,,,,,,,,,,,,,,,,,,,,,,,,,,,,,,,,,,,,,,,,,,,,,,,,,,,,,,,,,,,,,,,,,,,,,,,,,,,,,,,,,,,,,,,,,,,,,,,,,,,,,,,,,,,,,,,,,,,,,,,,,,,,,,,,,,,,,,,,,,,,,,,,,,,,,,,,,,,,,,,,,,,,,,,,,,,,,,,,,
Diffuse traumatic brain injury,S062,S062X,S062X0,S062X0A,S062X0D,S062X0S,S062X1,S062X1A,S062X1D,S062X1S,S062X2,S062X2A,S062X2D,S062X2S,S062X3,S062X3A,S062X3D,S062X3S,S062X4,S062X4A,S062X4D,S062X4S,S062X5,S062X5A,S062X5D,S062X5S,S062X6,S062X6A,S062X6D,S062X6S,S062X7,S062X7A,S062X8,S062X8A,S062XA,S062XAA,S062XAD,S062XAS,S062X9,S062X9A,S062X9D,S062X9S,,,,,,,,,,,,,,,,,,,,,,,,,,,,,,,,,,,,,,,,,,,,,,,,,,,,,,,,,,,,,,,,,,,,,,,,,,,,,,,,,,,,,,,,,,,,,,,,,,,,,,,,,,,,,,,,,,,,,,,,,,,,,,,,,,,,,,,,,,,,,,,,,,,,,,,,,,,,,,,,,,,,,,,,,,,,,,,,,,,,,,,,,,,,,,,,,,,,,,,,,,,,,,,,,,,,,,,,,,,,,,,,,,,,,,,,,,,,,,,,,,,,,,,,,,,,,,,,,,,,,,,,,,,,,,,,,,,,,,,,,,,,,,,,,,,,,,,,,,,,,,,,,,,,,,,,,,,,,,,,,,,,,,,,,,,,,,,,,,,,,,,,,,,,,,,,,,,,,,,,,,,,,,,,,,,,,,,,,,,,,,,,,,,,,,,,,,,,,,,,,,,,,,,,,,,,,,,,,,,,,,,,,,,,,,,,,,,,,,,,,,,,,,,,,
,,,,,,,,,,,,,,,,,,,,,,,,,,,,,,,,,,,,,,,,,,,,,,,,,,,,,,,,,,,,,,,,,,,,,,,,,,,,,,,,,,,,,,,,,,,,,,,,,,,,,,,,,,,,,,,,,,,,,,,,,,,,,,,,,,,,,,,,,,,,,,,,,,,,,,,,,,,,,,,,,,,,,,,,,,,,,,,,,,,,,,,,,,,,,,,,,,,,,,,,,,,,,,,,,,,,,,,,,,,,,,,,,,,,,,,,,,,,,,,,,,,,,,,,,,,,,,,,,,,,,,,,,,,,,,,,,,,,,,,,,,,,,,,,,,,,,,,,,,,,,,,,,,,,,,,,,,,,,,,,,,,,,,,,,,,,,,,,,,,,,,,,,,,,,,,,,,,,,,,,,,,,,,,,,,,,,,,,,,,,,,,,,,,,,,,,,,,,,,,,,,,,,,,,,,,,,,,,,,,,,,,,,,,,,,,,,,,,,,,,,,,,,,,,,,,,,,,,,,,,,,,,,,,,,,,,,,,,,,,,,,,,,,,,,,,
Traumatic subdural hemorrhage,S065,S065X,S065X0,S065X0A,S065X0D,S065X0S,S065X1,S065X1A,S065X1D,S065X1S,S065X2,S065X2A,S065X2D,S065X2S,S065X3,S065X3A,S065X3D,S065X3S,S065X4,S065X4A,S065X4D,S065X4S,S065X5,S065X5A,S065X5D,S065X5S,S065X6,S065X6A,S065X6D,S065X6S,S065X7,S065X7A,S065X8,S065X8A,S065XA,S065XAA,S065XAD,S065XAS,S065X9,S065X9A,S065X9D,S065X9S,,,,,,,,,,,,,,,,,,,,,,,,,,,,,,,,,,,,,,,,,,,,,,,,,,,,,,,,,,,,,,,,,,,,,,,,,,,,,,,,,,,,,,,,,,,,,,,,,,,,,,,,,,,,,,,,,,,,,,,,,,,,,,,,,,,,,,,,,,,,,,,,,,,,,,,,,,,,,,,,,,,,,,,,,,,,,,,,,,,,,,,,,,,,,,,,,,,,,,,,,,,,,,,,,,,,,,,,,,,,,,,,,,,,,,,,,,,,,,,,,,,,,,,,,,,,,,,,,,,,,,,,,,,,,,,,,,,,,,,,,,,,,,,,,,,,,,,,,,,,,,,,,,,,,,,,,,,,,,,,,,,,,,,,,,,,,,,,,,,,,,,,,,,,,,,,,,,,,,,,,,,,,,,,,,,,,,,,,,,,,,,,,,,,,,,,,,,,,,,,,,,,,,,,,,,,,,,,,,,,,,,,,,,,,,,,,,,,,,,,,,,,,,,,,
,,,,,,,,,,,,,,,,,,,,,,,,,,,,,,,,,,,,,,,,,,,,,,,,,,,,,,,,,,,,,,,,,,,,,,,,,,,,,,,,,,,,,,,,,,,,,,,,,,,,,,,,,,,,,,,,,,,,,,,,,,,,,,,,,,,,,,,,,,,,,,,,,,,,,,,,,,,,,,,,,,,,,,,,,,,,,,,,,,,,,,,,,,,,,,,,,,,,,,,,,,,,,,,,,,,,,,,,,,,,,,,,,,,,,,,,,,,,,,,,,,,,,,,,,,,,,,,,,,,,,,,,,,,,,,,,,,,,,,,,,,,,,,,,,,,,,,,,,,,,,,,,,,,,,,,,,,,,,,,,,,,,,,,,,,,,,,,,,,,,,,,,,,,,,,,,,,,,,,,,,,,,,,,,,,,,,,,,,,,,,,,,,,,,,,,,,,,,,,,,,,,,,,,,,,,,,,,,,,,,,,,,,,,,,,,,,,,,,,,,,,,,,,,,,,,,,,,,,,,,,,,,,,,,,,,,,,,,,,,,,,,,,,,,,,,
Traumatic subarachnoid hemorrhage,S066,S066X,S066X0,S066X0A,S066X0D,S066X0S,S066X1,S066X1A,S066X1D,S066X1S,S066X2,S066X2A,S066X2D,S066X2S,S066X3,S066X3A,S066X3D,S066X3S,S066X4,S066X4A,S066X4D,S066X4S,S066X5,S066X5A,S066X5D,S066X5S,S066X6,S066X6A,S066X6D,S066X6S,S066X7,S066X7A,S066X8,S066X8A,S066XA,S066XAA,S066XAD,S066XAS,S066X9,S066X9A,S066X9D,S066X9S,,,,,,,,,,,,,,,,,,,,,,,,,,,,,,,,,,,,,,,,,,,,,,,,,,,,,,,,,,,,,,,,,,,,,,,,,,,,,,,,,,,,,,,,,,,,,,,,,,,,,,,,,,,,,,,,,,,,,,,,,,,,,,,,,,,,,,,,,,,,,,,,,,,,,,,,,,,,,,,,,,,,,,,,,,,,,,,,,,,,,,,,,,,,,,,,,,,,,,,,,,,,,,,,,,,,,,,,,,,,,,,,,,,,,,,,,,,,,,,,,,,,,,,,,,,,,,,,,,,,,,,,,,,,,,,,,,,,,,,,,,,,,,,,,,,,,,,,,,,,,,,,,,,,,,,,,,,,,,,,,,,,,,,,,,,,,,,,,,,,,,,,,,,,,,,,,,,,,,,,,,,,,,,,,,,,,,,,,,,,,,,,,,,,,,,,,,,,,,,,,,,,,,,,,,,,,,,,,,,,,,,,,,,,,,,,,,,,,,,,,,,,,,,,,
,,,,,,,,,,,,,,,,,,,,,,,,,,,,,,,,,,,,,,,,,,,,,,,,,,,,,,,,,,,,,,,,,,,,,,,,,,,,,,,,,,,,,,,,,,,,,,,,,,,,,,,,,,,,,,,,,,,,,,,,,,,,,,,,,,,,,,,,,,,,,,,,,,,,,,,,,,,,,,,,,,,,,,,,,,,,,,,,,,,,,,,,,,,,,,,,,,,,,,,,,,,,,,,,,,,,,,,,,,,,,,,,,,,,,,,,,,,,,,,,,,,,,,,,,,,,,,,,,,,,,,,,,,,,,,,,,,,,,,,,,,,,,,,,,,,,,,,,,,,,,,,,,,,,,,,,,,,,,,,,,,,,,,,,,,,,,,,,,,,,,,,,,,,,,,,,,,,,,,,,,,,,,,,,,,,,,,,,,,,,,,,,,,,,,,,,,,,,,,,,,,,,,,,,,,,,,,,,,,,,,,,,,,,,,,,,,,,,,,,,,,,,,,,,,,,,,,,,,,,,,,,,,,,,,,,,,,,,,,,,,,,,,,,,,,,
Other specified intracranial injuries,S068,S0681,S06810,S06810A,S06810D,S06810S,S06811,S06811A,S06811D,S06811S,S06812,S06812A,S06812D,S06812S,S06813,S06813A,S06813D,S06813S,S06814,S06814A,S06814D,S06814S,S06815,S06815A,S06815D,S06815S,S06816,S06816A,S06816D,S06816S,S06817,S06817A,S06818,S06818A,S0681A,S0681AA,S0681AD,S0681AS,S06819,S06819A,S06819D,S06819S,S0682,S06820,S06820A,S06820D,S06820S,S06821,S06821A,S06821D,S06821S,S06822,S06822A,S06822D,S06822S,S06823,S06823A,S06823D,S06823S,S06824,S06824A,S06824D,S06824S,S06825,S06825A,S06825D,S06825S,S06826,S06826A,S06826D,S06826S,S06827,S06827A,S06828,S06828A,S0682A,S0682AA,S0682AD,S0682AS,S06829,S06829A,S06829D,S06829S,S068A,S068A0,S068A0A,S068A0D,S068A0S,S068A1,S068A1A,S068A1D,S068A1S,S068A2,S068A2A,S068A2D,S068A2S,S068A3,S068A3A,S068A3D,S068A3S,S068A4,S068A4A,S068A4D,S068A4S,S068A5,S068A5A,S068A5D,S068A5S,S068A6,S068A6A,S068A6D,S068A6S,S068A7,S068A7A,S068A8,S068A8A,S068AA,S068AAA,S068AAD,S068AAS,S068A9,S068A9A,S068A9D,S068A9S,S0689,S06890,S06890A,S06890D,S06890S,S06891,S06891A,S06891D,S06891S,S06892,S06892A,S06892D,S06892S,S06893,S06893A,S06893D,S06893S,S06894,S06894A,S06894D,S06894S,S06895,S06895A,S06895D,S06895S,S06896,S06896A,S06896D,S06896S,S06897,S06897A,S06898,S06898A,S0689A,S0689AA,S0689AD,S0689AS,S06899,S06899A,S06899D,S06899S,,,,,,,,,,,,,,,,,,,,,,,,,,,,,,,,,,,,,,,,,,,,,,,,,,,,,,,,,,,,,,,,,,,,,,,,,,,,,,,,,,,,,,,,,,,,,,,,,,,,,,,,,,,,,,,,,,,,,,,,,,,,,,,,,,,,,,,,,,,,,,,,,,,,,,,,,,,,,,,,,,,,,,,,,,,,,,,,,,,,,,,,,,,,,,,,,,,,,,,,,,,,,,,,,,,,,,,,,,,,,,,,,,,,,,,,,,,,,,,,,,,,,,,,,,,,,,,,,,,,,,,,,,,,,,,,,,,,,,,,,,,,,,,,,,,,,,,,,,,,,,,,,,,,,,,,,,,,,,,,,,,,,,
,,,,,,,,,,,,,,,,,,,,,,,,,,,,,,,,,,,,,,,,,,,,,,,,,,,,,,,,,,,,,,,,,,,,,,,,,,,,,,,,,,,,,,,,,,,,,,,,,,,,,,,,,,,,,,,,,,,,,,,,,,,,,,,,,,,,,,,,,,,,,,,,,,,,,,,,,,,,,,,,,,,,,,,,,,,,,,,,,,,,,,,,,,,,,,,,,,,,,,,,,,,,,,,,,,,,,,,,,,,,,,,,,,,,,,,,,,,,,,,,,,,,,,,,,,,,,,,,,,,,,,,,,,,,,,,,,,,,,,,,,,,,,,,,,,,,,,,,,,,,,,,,,,,,,,,,,,,,,,,,,,,,,,,,,,,,,,,,,,,,,,,,,,,,,,,,,,,,,,,,,,,,,,,,,,,,,,,,,,,,,,,,,,,,,,,,,,,,,,,,,,,,,,,,,,,,,,,,,,,,,,,,,,,,,,,,,,,,,,,,,,,,,,,,,,,,,,,,,,,,,,,,,,,,,,,,,,,,,,,,,,,,,,,,,,,
Traumatic brain compression and herniation,S06A,S06A0,S06A0XA,S06A0XD,S06A0XS,S06A1,S06A1XA,S06A1XD,S06A1XS,,,,,,,,,,,,,,,,,,,,,,,,,,,,,,,,,,,,,,,,,,,,,,,,,,,,,,,,,,,,,,,,,,,,,,,,,,,,,,,,,,,,,,,,,,,,,,,,,,,,,,,,,,,,,,,,,,,,,,,,,,,,,,,,,,,,,,,,,,,,,,,,,,,,,,,,,,,,,,,,,,,,,,,,,,,,,,,,,,,,,,,,,,,,,,,,,,,,,,,,,,,,,,,,,,,,,,,,,,,,,,,,,,,,,,,,,,,,,,,,,,,,,,,,,,,,,,,,,,,,,,,,,,,,,,,,,,,,,,,,,,,,,,,,,,,,,,,,,,,,,,,,,,,,,,,,,,,,,,,,,,,,,,,,,,,,,,,,,,,,,,,,,,,,,,,,,,,,,,,,,,,,,,,,,,,,,,,,,,,,,,,,,,,,,,,,,,,,,,,,,,,,,,,,,,,,,,,,,,,,,,,,,,,,,,,,,,,,,,,,,,,,,,,,,,,,,,,,,,,,,,,,,,,,,,,,,,,,,,,,,,
,,,,,,,,,,,,,,,,,,,,,,,,,,,,,,,,,,,,,,,,,,,,,,,,,,,,,,,,,,,,,,,,,,,,,,,,,,,,,,,,,,,,,,,,,,,,,,,,,,,,,,,,,,,,,,,,,,,,,,,,,,,,,,,,,,,,,,,,,,,,,,,,,,,,,,,,,,,,,,,,,,,,,,,,,,,,,,,,,,,,,,,,,,,,,,,,,,,,,,,,,,,,,,,,,,,,,,,,,,,,,,,,,,,,,,,,,,,,,,,,,,,,,,,,,,,,,,,,,,,,,,,,,,,,,,,,,,,,,,,,,,,,,,,,,,,,,,,,,,,,,,,,,,,,,,,,,,,,,,,,,,,,,,,,,,,,,,,,,,,,,,,,,,,,,,,,,,,,,,,,,,,,,,,,,,,,,,,,,,,,,,,,,,,,,,,,,,,,,,,,,,,,,,,,,,,,,,,,,,,,,,,,,,,,,,,,,,,,,,,,,,,,,,,,,,,,,,,,,,,,,,,,,,,,,,,,,,,,,,,,,,,,,,,,,,,
Focal traumatic brain injury,S063,S0630,S06300,S06300A,S06300D,S06300S,S06301,S06301A,S06301D,S06301S,S06302,S06302A,S06302D,S06302S,S06303,S06303A,S06303D,S06303S,S06304,S06304A,S06304D,S06304S,S06305,S06305A,S06305D,S06305S,S06306,S06306A,S06306D,S06306S,S06307,S06307A,S06307D,S06307S,S06308,S06308A,S06308D,S06308S,S06309,S06309A,S06309D,S06309S,S06310,S06310A,S06310D,S06310S,S06311,S06311A,S06311D,S06311S,S06312,S06312A,S06312D,S06312S,S06313,S06313A,S06313D,S06313S,S06314,S06314A,S06314D,S06314S,S06315,S06315A,S06315D,S06315S,S06316,S06316A,S06316D,S06316S,S06317,S06317A,S06317D,S06317S,S06318,S06318A,S06318D,S06318S,S06319,S06319A,S06319D,S06319S,S0632,S06320,S06320A,S06320D,S06320S,S06321,S06321A,S06321D,S06321S,S06322,S06322A,S06322D,S06322S,S06323,S06323A,S06323D,S06323S,S06324,S06324A,S06324D,S06324S,S06325,S06325A,S06325D,S06325S,S06326,S06326A,S06326D,S06326S,S06327,S06327A,S06327D,S06327S,S06328,S06328A,S06328D,S06328S,S06329,S06329A,S06329D,S06329S,S0633,S06330,S06330A,S06330D,S06330S,S06331,S06331A,S06331D,S06331S,S06332,S06332A,S06332D,S06332S,S06333,S06333A,S06333D,S06333S,S06334,S06334A,S06334D,S06334S,S06335,S06335A,S06335D,S06335S,S06336,S06336A,S06336D,S06336S,S06337,S06337A,S06337D,S06337S,S06338,S06338A,S06338D,S06338S,S06339,S06339A,S06339D,S06339S,S0634,S06340,S06340A,S06340D,S06340S,S06341,S06341A,S06341D,S06341S,S06342,S06342A,S06342D,S06342S,S06343,S06343A,S06343D,S06343S,S06344,S06344A,S06344D,S06344S,S06345,S06345A,S06345D,S06345S,S06346,S06346A,S06346D,S06346S,S06347,S06347A,S06347D,S06347S,S06348,S06348A,S06348D,S06348S,S06349,S06349A,S06349D,S06349S,S0635,S06350,S06350A,S06350D,S06350S,S06351,S06351A,S06351D,S06351S,S06352,S06352A,S06352D,S06352S,S06353,S06353A,S06353D,S06353S,S06354,S06354A,S06354D,S06354S,S06355,S06355A,S06355D,S06355S,S06356,S06356A,S06356D,S06356S,S06357,S06357A,S06357D,S06357S,S06358,S06358A,S06358D,S06358S,S06359,S06359A,S06359D,S06359S,S0636,S06360,S06360A,S06360D,S06360S,S06361,S06361A,S06361D,S06361S,S06362,S06362A,S06362D,S06362S,S06363,S06363A,S06363D,S06363S,S06364,S06364A,S06364D,S06364S,S06365,S06365A,S06365D,S06365S,S06366,S06366A,S06366D,S06366S,S06367,S06367A,S06367D,S06367S,S06368,S06368A,S06368D,S06368S,S06369,S06369A,S06369D,S06369S,S0637,S06370,S06370A,S06370D,S06370S,S06371,S06371A,S06371D,S06371S,S06372,S06372A,S06372D,S06372S,S06373,S06373A,S06373D,S06373S,S06374,S06374A,S06374D,S06374S,S06375,S06375A,S06375D,S06375S,S06376,S06376A,S06376D,S06376S,S06377,S06377A,S06377D,S06377S,S06378,S06378A,S06378D,S06378S,S06379,S06379A,S06379D,S06379S,S0638,S06380,S06380A,S06380D,S06380S,S06381,S06381A,S06381D,S06381S,S06382,S06382A,S06382D,S06382S,S06383,S06383A,S06383D,S06383S,S06384,S06384A,S06384D,S06384S,S06385,S06385A,S06385D,S06385S,S06386,S06386A,S06386D,S06386S,S06387,S06387A,S06387D,S06387S,S06388,S06388A,S06388D,S06388S,S06389,S06389A,S06389D,S06389S,S0639,,,,,,,,,,,,,,,,,,,,,,,,,,,,,,,,,,,,,,,,,,,,,,,,,,,,,,,,,,,,,,,,,,,,,,,,,,,,,,,,,,,,,,,,,,,,,,,,,,,,,,,,,,,,,,,,,,,,,,,,,
,,,,,,,,,,,,,,,,,,,,,,,,,,,,,,,,,,,,,,,,,,,,,,,,,,,,,,,,,,,,,,,,,,,,,,,,,,,,,,,,,,,,,,,,,,,,,,,,,,,,,,,,,,,,,,,,,,,,,,,,,,,,,,,,,,,,,,,,,,,,,,,,,,,,,,,,,,,,,,,,,,,,,,,,,,,,,,,,,,,,,,,,,,,,,,,,,,,,,,,,,,,,,,,,,,,,,,,,,,,,,,,,,,,,,,,,,,,,,,,,,,,,,,,,,,,,,,,,,,,,,,,,,,,,,,,,,,,,,,,,,,,,,,,,,,,,,,,,,,,,,,,,,,,,,,,,,,,,,,,,,,,,,,,,,,,,,,,,,,,,,,,,,,,,,,,,,,,,,,,,,,,,,,,,,,,,,,,,,,,,,,,,,,,,,,,,,,,,,,,,,,,,,,,,,,,,,,,,,,,,,,,,,,,,,,,,,,,,,,,,,,,,,,,,,,,,,,,,,,,,,,,,,,,,,,,,,,,,,,,,,,,,,,,,,,,
Associated Symptoms,,,,,,,,,,,,,,,,,,,,,,,,,,,,,,,,,,,,,,,,,,,,,,,,,,,,,,,,,,,,,,,,,,,,,,,,,,,,,,,,,,,,,,,,,,,,,,,,,,,,,,,,,,,,,,,,,,,,,,,,,,,,,,,,,,,,,,,,,,,,,,,,,,,,,,,,,,,,,,,,,,,,,,,,,,,,,,,,,,,,,,,,,,,,,,,,,,,,,,,,,,,,,,,,,,,,,,,,,,,,,,,,,,,,,,,,,,,,,,,,,,,,,,,,,,,,,,,,,,,,,,,,,,,,,,,,,,,,,,,,,,,,,,,,,,,,,,,,,,,,,,,,,,,,,,,,,,,,,,,,,,,,,,,,,,,,,,,,,,,,,,,,,,,,,,,,,,,,,,,,,,,,,,,,,,,,,,,,,,,,,,,,,,,,,,,,,,,,,,,,,,,,,,,,,,,,,,,,,,,,,,,,,,,,,,,,,,,,,,,,,,,,,,,,,,,,,,,,,,,,,,,,,,,,,,,,,,,,,,,,,,,,,,,,,,,
Cognitive/Linguistic,R411,R410,R412,R41840,R41841,R41842,R41843,R41844,R4701,,,,,,,,,,,,,,,,,,,,,,,,,,,,,,,,,,,,,,,,,,,,,,,,,,,,,,,,,,,,,,,,,,,,,,,,,,,,,,,,,,,,,,,,,,,,,,,,,,,,,,,,,,,,,,,,,,,,,,,,,,,,,,,,,,,,,,,,,,,,,,,,,,,,,,,,,,,,,,,,,,,,,,,,,,,,,,,,,,,,,,,,,,,,,,,,,,,,,,,,,,,,,,,,,,,,,,,,,,,,,,,,,,,,,,,,,,,,,,,,,,,,,,,,,,,,,,,,,,,,,,,,,,,,,,,,,,,,,,,,,,,,,,,,,,,,,,,,,,,,,,,,,,,,,,,,,,,,,,,,,,,,,,,,,,,,,,,,,,,,,,,,,,,,,,,,,,,,,,,,,,,,,,,,,,,,,,,,,,,,,,,,,,,,,,,,,,,,,,,,,,,,,,,,,,,,,,,,,,,,,,,,,,,,,,,,,,,,,,,,,,,,,,,,,,,,,,,,,,,,,,,,,,,,,,,,,,,,,,,,,,
Hearing,H9190,H9319,H93239,,,,,,,,,,,,,,,,,,,,,,,,,,,,,,,,,,,,,,,,,,,,,,,,,,,,,,,,,,,,,,,,,,,,,,,,,,,,,,,,,,,,,,,,,,,,,,,,,,,,,,,,,,,,,,,,,,,,,,,,,,,,,,,,,,,,,,,,,,,,,,,,,,,,,,,,,,,,,,,,,,,,,,,,,,,,,,,,,,,,,,,,,,,,,,,,,,,,,,,,,,,,,,,,,,,,,,,,,,,,,,,,,,,,,,,,,,,,,,,,,,,,,,,,,,,,,,,,,,,,,,,,,,,,,,,,,,,,,,,,,,,,,,,,,,,,,,,,,,,,,,,,,,,,,,,,,,,,,,,,,,,,,,,,,,,,,,,,,,,,,,,,,,,,,,,,,,,,,,,,,,,,,,,,,,,,,,,,,,,,,,,,,,,,,,,,,,,,,,,,,,,,,,,,,,,,,,,,,,,,,,,,,,,,,,,,,,,,,,,,,,,,,,,,,,,,,,,,,,,,,,,,,,,,,,,,,,,,,,,,,,,,,,,,
Neurologic,H8149,H819,H8139,H814,F0781,G43001,G43101,G43701,G43711,G43901,G43911,G44201,G44301,G44311,G44321,G44329,G4484,G4489,R42,R430,,,,,,,,,,,,,,,,,,,,,,,,,,,,,,,,,,,,,,,,,,,,,,,,,,,,,,,,,,,,,,,,,,,,,,,,,,,,,,,,,,,,,,,,,,,,,,,,,,,,,,,,,,,,,,,,,,,,,,,,,,,,,,,,,,,,,,,,,,,,,,,,,,,,,,,,,,,,,,,,,,,,,,,,,,,,,,,,,,,,,,,,,,,,,,,,,,,,,,,,,,,,,,,,,,,,,,,,,,,,,,,,,,,,,,,,,,,,,,,,,,,,,,,,,,,,,,,,,,,,,,,,,,,,,,,,,,,,,,,,,,,,,,,,,,,,,,,,,,,,,,,,,,,,,,,,,,,,,,,,,,,,,,,,,,,,,,,,,,,,,,,,,,,,,,,,,,,,,,,,,,,,,,,,,,,,,,,,,,,,,,,,,,,,,,,,,,,,,,,,,,,,,,,,,,,,,,,,,,,,,,,,,,,,,,,,,,,,,,,,,,,,,,,,,,,,,,,,,,,,,,,,,,,,,,,
Emotional/Behavior,F1010,F329,F411,F4310,F430,R450,R451,R453,R454,R455,R4586,R4587,R4589,,,,,,,,,,,,,,,,,,,,,,,,,,,,,,,,,,,,,,,,,,,,,,,,,,,,,,,,,,,,,,,,,,,,,,,,,,,,,,,,,,,,,,,,,,,,,,,,,,,,,,,,,,,,,,,,,,,,,,,,,,,,,,,,,,,,,,,,,,,,,,,,,,,,,,,,,,,,,,,,,,,,,,,,,,,,,,,,,,,,,,,,,,,,,,,,,,,,,,,,,,,,,,,,,,,,,,,,,,,,,,,,,,,,,,,,,,,,,,,,,,,,,,,,,,,,,,,,,,,,,,,,,,,,,,,,,,,,,,,,,,,,,,,,,,,,,,,,,,,,,,,,,,,,,,,,,,,,,,,,,,,,,,,,,,,,,,,,,,,,,,,,,,,,,,,,,,,,,,,,,,,,,,,,,,,,,,,,,,,,,,,,,,,,,,,,,,,,,,,,,,,,,,,,,,,,,,,,,,,,,,,,,,,,,,,,,,,,,,,,,,,,,,,,,,,,,,,,,,,,,,,,,,,,,,,,,,,,,,
Sleep,G4700,G4701,G4733,G4720,G479,,,,,,,,,,,,,,,,,,,,,,,,,,,,,,,,,,,,,,,,,,,,,,,,,,,,,,,,,,,,,,,,,,,,,,,,,,,,,,,,,,,,,,,,,,,,,,,,,,,,,,,,,,,,,,,,,,,,,,,,,,,,,,,,,,,,,,,,,,,,,,,,,,,,,,,,,,,,,,,,,,,,,,,,,,,,,,,,,,,,,,,,,,,,,,,,,,,,,,,,,,,,,,,,,,,,,,,,,,,,,,,,,,,,,,,,,,,,,,,,,,,,,,,,,,,,,,,,,,,,,,,,,,,,,,,,,,,,,,,,,,,,,,,,,,,,,,,,,,,,,,,,,,,,,,,,,,,,,,,,,,,,,,,,,,,,,,,,,,,,,,,,,,,,,,,,,,,,,,,,,,,,,,,,,,,,,,,,,,,,,,,,,,,,,,,,,,,,,,,,,,,,,,,,,,,,,,,,,,,,,,,,,,,,,,,,,,,,,,,,,,,,,,,,,,,,,,,,,,,,,,,,,,,,,,,,,,,,,,,,,,,,,,
Vision,H5111,H525,H53149,H5319,H532,H5330,H5340,H538,H54,H55,,,,,,,,,,,,,,,,,,,,,,,,,,,,,,,,,,,,,,,,,,,,,,,,,,,,,,,,,,,,,,,,,,,,,,,,,,,,,,,,,,,,,,,,,,,,,,,,,,,,,,,,,,,,,,,,,,,,,,,,,,,,,,,,,,,,,,,,,,,,,,,,,,,,,,,,,,,,,,,,,,,,,,,,,,,,,,,,,,,,,,,,,,,,,,,,,,,,,,,,,,,,,,,,,,,,,,,,,,,,,,,,,,,,,,,,,,,,,,,,,,,,,,,,,,,,,,,,,,,,,,,,,,,,,,,,,,,,,,,,,,,,,,,,,,,,,,,,,,,,,,,,,,,,,,,,,,,,,,,,,,,,,,,,,,,,,,,,,,,,,,,,,,,,,,,,,,,,,,,,,,,,,,,,,,,,,,,,,,,,,,,,,,,,,,,,,,,,,,,,,,,,,,,,,,,,,,,,,,,,,,,,,,,,,,,,,,,,,,,,,,,,,,,,,,,,,,,,,,,,,,,,,,,,,,,,,,,,,,,,,
Other,R110,R51,M792,R5381,H5319,,,,,,,,,,,,,,,,,,,,,,,,,,,,,,,,,,,,,,,,,,,,,,,,,,,,,,,,,,,,,,,,,,,,,,,,,,,,,,,,,,,,,,,,,,,,,,,,,,,,,,,,,,,,,,,,,,,,,,,,,,,,,,,,,,,,,,,,,,,,,,,,,,,,,,,,,,,,,,,,,,,,,,,,,,,,,,,,,,,,,,,,,,,,,,,,,,,,,,,,,,,,,,,,,,,,,,,,,,,,,,,,,,,,,,,,,,,,,,,,,,,,,,,,,,,,,,,,,,,,,,,,,,,,,,,,,,,,,,,,,,,,,,,,,,,,,,,,,,,,,,,,,,,,,,,,,,,,,,,,,,,,,,,,,,,,,,,,,,,,,,,,,,,,,,,,,,,,,,,,,,,,,,,,,,,,,,,,,,,,,,,,,,,,,,,,,,,,,,,,,,,,,,,,,,,,,,,,,,,,,,,,,,,,,,,,,,,,,,,,,,,,,,,,,,,,,,,,,,,,,,,,,,,,,,,,,,,,,,,,,,,,,,
,,,,,,,,,,,,,,,,,,,,,,,,,,,,,,,,,,,,,,,,,,,,,,,,,,,,,,,,,,,,,,,,,,,,,,,,,,,,,,,,,,,,,,,,,,,,,,,,,,,,,,,,,,,,,,,,,,,,,,,,,,,,,,,,,,,,,,,,,,,,,,,,,,,,,,,,,,,,,,,,,,,,,,,,,,,,,,,,,,,,,,,,,,,,,,,,,,,,,,,,,,,,,,,,,,,,,,,,,,,,,,,,,,,,,,,,,,,,,,,,,,,,,,,,,,,,,,,,,,,,,,,,,,,,,,,,,,,,,,,,,,,,,,,,,,,,,,,,,,,,,,,,,,,,,,,,,,,,,,,,,,,,,,,,,,,,,,,,,,,,,,,,,,,,,,,,,,,,,,,,,,,,,,,,,,,,,,,,,,,,,,,,,,,,,,,,,,,,,,,,,,,,,,,,,,,,,,,,,,,,,,,,,,,,,,,,,,,,,,,,,,,,,,,,,,,,,,,,,,,,,,,,,,,,,,,,,,,,,,,,,,,,,,,,,,,
Bolt placement,4A103BD,4A107BD,,,,,,,,,,,,,,,,,,,,,,,,,,,,,,,,,,,,,,,,,,,,,,,,,,,,,,,,,,,,,,,,,,,,,,,,,,,,,,,,,,,,,,,,,,,,,,,,,,,,,,,,,,,,,,,,,,,,,,,,,,,,,,,,,,,,,,,,,,,,,,,,,,,,,,,,,,,,,,,,,,,,,,,,,,,,,,,,,,,,,,,,,,,,,,,,,,,,,,,,,,,,,,,,,,,,,,,,,,,,,,,,,,,,,,,,,,,,,,,,,,,,,,,,,,,,,,,,,,,,,,,,,,,,,,,,,,,,,,,,,,,,,,,,,,,,,,,,,,,,,,,,,,,,,,,,,,,,,,,,,,,,,,,,,,,,,,,,,,,,,,,,,,,,,,,,,,,,,,,,,,,,,,,,,,,,,,,,,,,,,,,,,,,,,,,,,,,,,,,,,,,,,,,,,,,,,,,,,,,,,,,,,,,,,,,,,,,,,,,,,,,,,,,,,,,,,,,,,,,,,,,,,,,,,,,,,,,,,,,,,,,,,,,,,
DVT,I8240,I82401,I82402,I82403,I82409,I8241,I82411,I82412,I82413,I82419,I82421,I82422,I82423,I82429,I82431,I82432,I82433,I82439,I82441,I82442,I82443,I82449,I82451,I82452,I82453,I82459,I82461,I82462,I82463,I82469,I82491,I82492,I82493,I82499,I824Y  ,I824Y1  ,I824Y2  ,I824Y3  ,I824Y9  ,I824Z  ,I824Z1  ,I824Z2  ,I824Z3  ,I824Z9  ,I825  ,I8250  ,I82501  ,I82502  ,I82503  ,I82509  ,I8251  ,I82511  ,I82512  ,I82513  ,I82519  ,I8252  ,I82521  ,I82522  ,I82523  ,I82529  ,I8253  ,I82531  ,I82532  ,I82533  ,I82539  ,I8254  ,I82541  ,I82542  ,I82543  ,I82549  ,I8255  ,I82551  ,I82552  ,I82553  ,I82559  ,I8256  ,I82561  ,I82562  ,I82563  ,I82569  ,I8259  ,I82591  ,I82592  ,I82593  ,I82599  ,I825Y  ,I825Y1  ,I825Y2  ,I825Y3  ,I825Y9  ,I825Z  ,I825Z1  ,I825Z2  ,I825Z3  ,I825Z9  ,I826  ,I8260  ,I82601  ,I82602  ,I82603  ,I82609  ,I8261  ,I82611  ,I82612  ,I82613  ,I82619  ,I8262  ,I82621  ,I82622  ,I82623  ,I82629  ,I827  ,I8270  ,I82701  ,I82702  ,I82703  ,I82709  ,I8271  ,I82711  ,I82712  ,I82713  ,I82719  ,I8272  ,I82721  ,I82722  ,I82723  ,I82729  ,I82A  ,I82A1  ,I82A11  ,I82A12  ,I82A13  ,I82A19  ,I82A2  ,I82A21  ,I82A22  ,I82A23  ,I82A29  ,I82B  ,I82B1  ,I82B11  ,I82B12  ,I82B13  ,I82B19  ,I82B2  ,I82B21  ,I82B22  ,I82B23  ,I82B29  ,I82C  ,I82C1  ,I82C11  ,I82C12  ,I82C13  ,I82C19  ,I82C2  ,I82C21  ,I82C22  ,I82C23  ,I82C29  ,I828  ,I8281  ,I82811  ,I82812  ,I82813  ,I82819  ,I8289  ,I82890  ,I82891  ,I829  ,I8290  ,I8291,,,,,,,,,,,,,,,,,,,,,,,,,,,,,,,,,,,,,,,,,,,,,,,,,,,,,,,,,,,,,,,,,,,,,,,,,,,,,,,,,,,,,,,,,,,,,,,,,,,,,,,,,,,,,,,,,,,,,,,,,,,,,,,,,,,,,,,,,,,,,,,,,,,,,,,,,,,,,,,,,,,,,,,,,,,,,,,,,,,,,,,,,,,,,,,,,,,,,,,,,,,,,,,,,,,,,,,,,,,,,,,,,,,,,,,,,,,,,,,,,,,,,,,,,,,,,,,,,,,,,,,,,,,,,,,,,,,,,,,,,,,,,,,,,,,,,,,,,,,,,,,,,,,,,,,,,,,,,,,
PE,I26,I260,I2601,I2602,I2609,I269,I2690,I2692,I2699,,,,,,,,,,,,,,,,,,,,,,,,,,,,,,,,,,,,,,,,,,,,,,,,,,,,,,,,,,,,,,,,,,,,,,,,,,,,,,,,,,,,,,,,,,,,,,,,,,,,,,,,,,,,,,,,,,,,,,,,,,,,,,,,,,,,,,,,,,,,,,,,,,,,,,,,,,,,,,,,,,,,,,,,,,,,,,,,,,,,,,,,,,,,,,,,,,,,,,,,,,,,,,,,,,,,,,,,,,,,,,,,,,,,,,,,,,,,,,,,,,,,,,,,,,,,,,,,,,,,,,,,,,,,,,,,,,,,,,,,,,,,,,,,,,,,,,,,,,,,,,,,,,,,,,,,,,,,,,,,,,,,,,,,,,,,,,,,,,,,,,,,,,,,,,,,,,,,,,,,,,,,,,,,,,,,,,,,,,,,,,,,,,,,,,,,,,,,,,,,,,,,,,,,,,,,,,,,,,,,,,,,,,,,,,,,,,,,,,,,,,,,,,,,,,,,,,,,,,,,,,,,,,,,,,,,,,,,,,,,,,
Cerebral Edema,G936,S061X0A,G935,,,,,,,,,,,,,,,,,,,,,,,,,,,,,,,,,,,,,,,,,,,,,,,,,,,,,,,,,,,,,,,,,,,,,,,,,,,,,,,,,,,,,,,,,,,,,,,,,,,,,,,,,,,,,,,,,,,,,,,,,,,,,,,,,,,,,,,,,,,,,,,,,,,,,,,,,,,,,,,,,,,,,,,,,,,,,,,,,,,,,,,,,,,,,,,,,,,,,,,,,,,,,,,,,,,,,,,,,,,,,,,,,,,,,,,,,,,,,,,,,,,,,,,,,,,,,,,,,,,,,,,,,,,,,,,,,,,,,,,,,,,,,,,,,,,,,,,,,,,,,,,,,,,,,,,,,,,,,,,,,,,,,,,,,,,,,,,,,,,,,,,,,,,,,,,,,,,,,,,,,,,,,,,,,,,,,,,,,,,,,,,,,,,,,,,,,,,,,,,,,,,,,,,,,,,,,,,,,,,,,,,,,,,,,,,,,,,,,,,,,,,,,,,,,,,,,,,,,,,,,,,,,,,,,,,,,,,,,,,,,,,,,,,,
Post-concussion syndrome,F0781,S060X0A,S060X0D,S060X0S,,,,,,,,,,,,,,,,,,,,,,,,,,,,,,,,,,,,,,,,,,,,,,,,,,,,,,,,,,,,,,,,,,,,,,,,,,,,,,,,,,,,,,,,,,,,,,,,,,,,,,,,,,,,,,,,,,,,,,,,,,,,,,,,,,,,,,,,,,,,,,,,,,,,,,,,,,,,,,,,,,,,,,,,,,,,,,,,,,,,,,,,,,,,,,,,,,,,,,,,,,,,,,,,,,,,,,,,,,,,,,,,,,,,,,,,,,,,,,,,,,,,,,,,,,,,,,,,,,,,,,,,,,,,,,,,,,,,,,,,,,,,,,,,,,,,,,,,,,,,,,,,,,,,,,,,,,,,,,,,,,,,,,,,,,,,,,,,,,,,,,,,,,,,,,,,,,,,,,,,,,,,,,,,,,,,,,,,,,,,,,,,,,,,,,,,,,,,,,,,,,,,,,,,,,,,,,,,,,,,,,,,,,,,,,,,,,,,,,,,,,,,,,,,,,,,,,,,,,,,,,,,,,,,,,,,,,,,,,,,,,,,,,,
Seizures ,R569,R561,G40309,G40311,G40209,G40211,G419,G4089,G404,,,,,,,,,,,,,,,,,,,,,,,,,,,,,,,,,,,,,,,,,,,,,,,,,,,,,,,,,,,,,,,,,,,,,,,,,,,,,,,,,,,,,,,,,,,,,,,,,,,,,,,,,,,,,,,,,,,,,,,,,,,,,,,,,,,,,,,,,,,,,,,,,,,,,,,,,,,,,,,,,,,,,,,,,,,,,,,,,,,,,,,,,,,,,,,,,,,,,,,,,,,,,,,,,,,,,,,,,,,,,,,,,,,,,,,,,,,,,,,,,,,,,,,,,,,,,,,,,,,,,,,,,,,,,,,,,,,,,,,,,,,,,,,,,,,,,,,,,,,,,,,,,,,,,,,,,,,,,,,,,,,,,,,,,,,,,,,,,,,,,,,,,,,,,,,,,,,,,,,,,,,,,,,,,,,,,,,,,,,,,,,,,,,,,,,,,,,,,,,,,,,,,,,,,,,,,,,,,,,,,,,,,,,,,,,,,,,,,,,,,,,,,,,,,,,,,,,,,,,,,,,,,,,,,,,,,,,,,,,,,,
persistent vegetative state,R403,G931,G9382,,,,,,,,,,,,,,,,,,,,,,,,,,,,,,,,,,,,,,,,,,,,,,,,,,,,,,,,,,,,,,,,,,,,,,,,,,,,,,,,,,,,,,,,,,,,,,,,,,,,,,,,,,,,,,,,,,,,,,,,,,,,,,,,,,,,,,,,,,,,,,,,,,,,,,,,,,,,,,,,,,,,,,,,,,,,,,,,,,,,,,,,,,,,,,,,,,,,,,,,,,,,,,,,,,,,,,,,,,,,,,,,,,,,,,,,,,,,,,,,,,,,,,,,,,,,,,,,,,,,,,,,,,,,,,,,,,,,,,,,,,,,,,,,,,,,,,,,,,,,,,,,,,,,,,,,,,,,,,,,,,,,,,,,,,,,,,,,,,,,,,,,,,,,,,,,,,,,,,,,,,,,,,,,,,,,,,,,,,,,,,,,,,,,,,,,,,,,,,,,,,,,,,,,,,,,,,,,,,,,,,,,,,,,,,,,,,,,,,,,,,,,,,,,,,,,,,,,,,,,,,,,,,,,,,,,,,,,,,,,,,,,,,,,
Acute traumatic coagulopathy,D65,,,,,,,,,,,,,,,,,,,,,,,,,,,,,,,,,,,,,,,,,,,,,,,,,,,,,,,,,,,,,,,,,,,,,,,,,,,,,,,,,,,,,,,,,,,,,,,,,,,,,,,,,,,,,,,,,,,,,,,,,,,,,,,,,,,,,,,,,,,,,,,,,,,,,,,,,,,,,,,,,,,,,,,,,,,,,,,,,,,,,,,,,,,,,,,,,,,,,,,,,,,,,,,,,,,,,,,,,,,,,,,,,,,,,,,,,,,,,,,,,,,,,,,,,,,,,,,,,,,,,,,,,,,,,,,,,,,,,,,,,,,,,,,,,,,,,,,,,,,,,,,,,,,,,,,,,,,,,,,,,,,,,,,,,,,,,,,,,,,,,,,,,,,,,,,,,,,,,,,,,,,,,,,,,,,,,,,,,,,,,,,,,,,,,,,,,,,,,,,,,,,,,,,,,,,,,,,,,,,,,,,,,,,,,,,,,,,,,,,,,,,,,,,,,,,,,,,,,,,,,,,,,,,,,,,,,,,,,,,,,,,,,,,,,,
CSF rhinorrhea,G9608,G9601,,,,,,,,,,,,,,,,,,,,,,,,,,,,,,,,,,,,,,,,,,,,,,,,,,,,,,,,,,,,,,,,,,,,,,,,,,,,,,,,,,,,,,,,,,,,,,,,,,,,,,,,,,,,,,,,,,,,,,,,,,,,,,,,,,,,,,,,,,,,,,,,,,,,,,,,,,,,,,,,,,,,,,,,,,,,,,,,,,,,,,,,,,,,,,,,,,,,,,,,,,,,,,,,,,,,,,,,,,,,,,,,,,,,,,,,,,,,,,,,,,,,,,,,,,,,,,,,,,,,,,,,,,,,,,,,,,,,,,,,,,,,,,,,,,,,,,,,,,,,,,,,,,,,,,,,,,,,,,,,,,,,,,,,,,,,,,,,,,,,,,,,,,,,,,,,,,,,,,,,,,,,,,,,,,,,,,,,,,,,,,,,,,,,,,,,,,,,,,,,,,,,,,,,,,,,,,,,,,,,,,,,,,,,,,,,,,,,,,,,,,,,,,,,,,,,,,,,,,,,,,,,,,,,,,,,,,,,,,,,,,,,,,,,,
meningitis,G00,G000,G001,G002,Goo3,G008,G009,G01,G02,G03,G030,G031,G032,G038,G039,A872,G961,Z20811,Z8661,,,,,,,,,,,,,,,,,,,,,,,,,,,,,,,,,,,,,,,,,,,,,,,,,,,,,,,,,,,,,,,,,,,,,,,,,,,,,,,,,,,,,,,,,,,,,,,,,,,,,,,,,,,,,,,,,,,,,,,,,,,,,,,,,,,,,,,,,,,,,,,,,,,,,,,,,,,,,,,,,,,,,,,,,,,,,,,,,,,,,,,,,,,,,,,,,,,,,,,,,,,,,,,,,,,,,,,,,,,,,,,,,,,,,,,,,,,,,,,,,,,,,,,,,,,,,,,,,,,,,,,,,,,,,,,,,,,,,,,,,,,,,,,,,,,,,,,,,,,,,,,,,,,,,,,,,,,,,,,,,,,,,,,,,,,,,,,,,,,,,,,,,,,,,,,,,,,,,,,,,,,,,,,,,,,,,,,,,,,,,,,,,,,,,,,,,,,,,,,,,,,,,,,,,,,,,,,,,,,,,,,,,,,,,,,,,,,,,,,,,,,,,,,,,,,,,,,,,,,,,,,,,,,,,,,,
encephalitis,G04,G040,G042,G043,G048,G049,A86,A3981,A858,B258,M3219,B832,A851,B050,B004,A3212,B262,,,,,,,,,,,,,,,,,,,,,,,,,,,,,,,,,,,,,,,,,,,,,,,,,,,,,,,,,,,,,,,,,,,,,,,,,,,,,,,,,,,,,,,,,,,,,,,,,,,,,,,,,,,,,,,,,,,,,,,,,,,,,,,,,,,,,,,,,,,,,,,,,,,,,,,,,,,,,,,,,,,,,,,,,,,,,,,,,,,,,,,,,,,,,,,,,,,,,,,,,,,,,,,,,,,,,,,,,,,,,,,,,,,,,,,,,,,,,,,,,,,,,,,,,,,,,,,,,,,,,,,,,,,,,,,,,,,,,,,,,,,,,,,,,,,,,,,,,,,,,,,,,,,,,,,,,,,,,,,,,,,,,,,,,,,,,,,,,,,,,,,,,,,,,,,,,,,,,,,,,,,,,,,,,,,,,,,,,,,,,,,,,,,,,,,,,,,,,,,,,,,,,,,,,,,,,,,,,,,,,,,,,,,,,,,,,,,,,,,,,,,,,,,,,,,,,,,,,,,,,,,,,,,,,,,,,,
brain abscess,G060,G062,DG060E,DG060F,DG079,DG079B,B431,A5482,A066,,,,,,,,,,,,,,,,,,,,,,,,,,,,,,,,,,,,,,,,,,,,,,,,,,,,,,,,,,,,,,,,,,,,,,,,,,,,,,,,,,,,,,,,,,,,,,,,,,,,,,,,,,,,,,,,,,,,,,,,,,,,,,,,,,,,,,,,,,,,,,,,,,,,,,,,,,,,,,,,,,,,,,,,,,,,,,,,,,,,,,,,,,,,,,,,,,,,,,,,,,,,,,,,,,,,,,,,,,,,,,,,,,,,,,,,,,,,,,,,,,,,,,,,,,,,,,,,,,,,,,,,,,,,,,,,,,,,,,,,,,,,,,,,,,,,,,,,,,,,,,,,,,,,,,,,,,,,,,,,,,,,,,,,,,,,,,,,,,,,,,,,,,,,,,,,,,,,,,,,,,,,,,,,,,,,,,,,,,,,,,,,,,,,,,,,,,,,,,,,,,,,,,,,,,,,,,,,,,,,,,,,,,,,,,,,,,,,,,,,,,,,,,,,,,,,,,,,,,,,,,,,,,,,,,,,,,,,,,,,,,
open head injury,S01,S010,S0100,S0100XA,S0100XD,S0100XS,S0101,S0101XA,S0101XD,S0101XS,S0102,S0102XA,S0102XD,S0102XS,S0103,S0103XA,S0103XD,S0103XS,S0104,S0104XA,S0104XD,S0104XS,S0105,S0105XA,S0105XD,S0105XS,S011,S0110,S01101,S01101A,S01101D,S01101S,S01102,S01102A,S01102D,S01102S,S01109,S01109A,S01109D,S01109S,S0111,S01111,S01111A,S01111D,S01111S,S01112,S01112A,S01112D,S01112S,S01119,S01119A,S01119D,S01119S,S0112,S01121,S01121A,S01121D,S01121S,S01122,S01122A,S01122D,S01122S,S01129,S01129A,S01129D,S01129S,S0113,S01131,S01131A,S01131D,S01131S,S01132,S01132A,S01132D,S01132S,S01139,S01139A,S01139D,S01139S,S0114,S01141,S01141A,S01141D,S01141S,S01142,S01142A,S01142D,S01142S,S01149,S01149A,S01149D,S01149S,S0115,S01151,S01151A,S01151D,S01151S,S01152,S01152A,S01152D,S01152S,S01159,S01159A,S01159D,S01159S,S012,S0120,S0120XA,S0120XD,S0120XS,S0121,S0121XA,S0121XD,S0121XS,S0122,S0122XA,S0122XD,S0122XS,S0123,S0123XA,S0123XD,S0123XS,S0124,S0124XA,S0124XD,S0124XS,S0125,S0125XA,S0125XD,S0125XS,S013,S0130,S01301,S01301A,S01301D,S01301S,S01302,S01302A,S01302D,S01302S,S01309,S01309A,S01309D,S01309S,S0131,S01311,S01311A,S01311D,S01311S,S01312,S01312A,S01312D,S01312S,S01319,S01319A,S01319D,S01319S,S0132,S01321,S01321A,S01321D,S01321S,S01322,S01322A,S01322D,S01322S,S01329,S01329A,S01329D,S01329S,S0133,S01331,S01331A,S01331D,S01331S,S01332,S01332A,S01332D,S01332S,S01339,S01339A,S01339D,S01339S,S0134,S01341,S01341A,S01341D,S01341S,S01342,S01342A,S01342D,S01342S,S01349,S01349A,S01349D,S01349S,S0135,S01351,S01351A,S01351D,S01351S,S01352,S01352A,S01352D,S01352S,S01359,S01359A,S01359D,S01359S,S014,S0140,S01401,S01401A,S01401D,S01401S,S01402,S01402A,S01402D,S01402S,S01409,S01409A,S01409D,S01409S,S0141,S01411,S01411A,S01411D,S01411S,S01412,S01412A,S01412D,S01412S,S01419,S01419A,S01419D,S01419S,S0142,S01421,S01421A,S01421D,S01421S,S01422,S01422A,S01422D,S01422S,S01429,S01429A,S01429D,S01429S,S0143,S01431,S01431A,S01431D,S01431S,S01432,S01432A,S01432D,S01432S,S01439,S01439A,S01439D,S01439S,S0144,S01441,S01441A,S01441D,S01441S,S01442,S01442A,S01442D,S01442S,S01449,S01449A,S01449D,S01449S,S0145,S01451,S01451A,S01451D,S01451S,S01452,S01452A,S01452D,S01452S,S01459,S01459A,S01459D,S01459S,S015,S0150,S01501,S01501A,S01501D,S01501S,S01502,S01502A,S01502D,S01502S,S01509,S01509A,S01509D,S01509S,S0151,S01511,S01511A,S01511D,S01511S,S01512,S01512A,S01512D,S01512S,S01519,S01519A,S01519D,S01519S,S0152,S01521,S01521A,S01521D,S01521S,S01522,S01522A,S01522D,S01522S,S01529,S01529A,S01529D,S01529S,S0153,S01531,S01531A,S01531D,S01531S,S01532,S01532A,S01532D,S01532S,S01539,S01539A,S01539D,S01539S,S0154,S01541,S01541A,S01541D,S01541S,S01542,S01542A,S01542D,S01542S,S01549,S01549A,S01549D,S01549S,S0155,S01551,S01551A,S01551D,S01551S,S01552,S01552A,S01552D,S01552S,S01559,S01559A,S01559D,S01559S,S018,S0180,S0180XA,S0180XD,S0180XS,S0181,S0181XA,S0181XD,S0181XS,S0182,S0182XA,S0182XD,S0182XS,S0183,S0183XA,S0183XD,S0183XS,S0184,S0184XA,S0184XD,S0184XS,S0185,S0185XA,S0185XD,S0185XS,S019,S0190,S0190XA,S0190XD,S0190XS,S0191,S0191XA,S0191XD,S0191XS,S0192,S0192XA,S0192XD,S0192XS,S0193,S0193XA,S0193XD,S0193XS,S0194,S0194XA,S0194XD,S0194XS,S0195,S0195XA,S0195XD,S0195XS,,,,,,,,,,,,,,,,,,,,,,,,,,,,,,,,,,,,,,,,,,,,,,,,,,,,,,,,,,,,,,,,,,,,,,,,,,
osteomylitis,M860,M861,M862,M863,M864,M865,M865,M866,M869,,,,,,,,,,,,,,,,,,,,,,,,,,,,,,,,,,,,,,,,,,,,,,,,,,,,,,,,,,,,,,,,,,,,,,,,,,,,,,,,,,,,,,,,,,,,,,,,,,,,,,,,,,,,,,,,,,,,,,,,,,,,,,,,,,,,,,,,,,,,,,,,,,,,,,,,,,,,,,,,,,,,,,,,,,,,,,,,,,,,,,,,,,,,,,,,,,,,,,,,,,,,,,,,,,,,,,,,,,,,,,,,,,,,,,,,,,,,,,,,,,,,,,,,,,,,,,,,,,,,,,,,,,,,,,,,,,,,,,,,,,,,,,,,,,,,,,,,,,,,,,,,,,,,,,,,,,,,,,,,,,,,,,,,,,,,,,,,,,,,,,,,,,,,,,,,,,,,,,,,,,,,,,,,,,,,,,,,,,,,,,,,,,,,,,,,,,,,,,,,,,,,,,,,,,,,,,,,,,,,,,,,,,,,,,,,,,,,,,,,,,,,,,,,,,,,,,,,,,,,,,,,,,,,,,,,,,,,,,,,,,
decompressive hemicrani,Z48811,,,,,,,,,,,,,,,,,,,,,,,,,,,,,,,,,,,,,,,,,,,,,,,,,,,,,,,,,,,,,,,,,,,,,,,,,,,,,,,,,,,,,,,,,,,,,,,,,,,,,,,,,,,,,,,,,,,,,,,,,,,,,,,,,,,,,,,,,,,,,,,,,,,,,,,,,,,,,,,,,,,,,,,,,,,,,,,,,,,,,,,,,,,,,,,,,,,,,,,,,,,,,,,,,,,,,,,,,,,,,,,,,,,,,,,,,,,,,,,,,,,,,,,,,,,,,,,,,,,,,,,,,,,,,,,,,,,,,,,,,,,,,,,,,,,,,,,,,,,,,,,,,,,,,,,,,,,,,,,,,,,,,,,,,,,,,,,,,,,,,,,,,,,,,,,,,,,,,,,,,,,,,,,,,,,,,,,,,,,,,,,,,,,,,,,,,,,,,,,,,,,,,,,,,,,,,,,,,,,,,,,,,,,,,,,,,,,,,,,,,,,,,,,,,,,,,,,,,,,,,,,,,,,,,,,,,,,,,,,,,,,,,,,,,,
EVD,Z454,Z4541,,,,,,,,,,,,,,,,,,,,,,,,,,,,,,,,,,,,,,,,,,,,,,,,,,,,,,,,,,,,,,,,,,,,,,,,,,,,,,,,,,,,,,,,,,,,,,,,,,,,,,,,,,,,,,,,,,,,,,,,,,,,,,,,,,,,,,,,,,,,,,,,,,,,,,,,,,,,,,,,,,,,,,,,,,,,,,,,,,,,,,,,,,,,,,,,,,,,,,,,,,,,,,,,,,,,,,,,,,,,,,,,,,,,,,,,,,,,,,,,,,,,,,,,,,,,,,,,,,,,,,,,,,,,,,,,,,,,,,,,,,,,,,,,,,,,,,,,,,,,,,,,,,,,,,,,,,,,,,,,,,,,,,,,,,,,,,,,,,,,,,,,,,,,,,,,,,,,,,,,,,,,,,,,,,,,,,,,,,,,,,,,,,,,,,,,,,,,,,,,,,,,,,,,,,,,,,,,,,,,,,,,,,,,,,,,,,,,,,,,,,,,,,,,,,,,,,,,,,,,,,,,,,,,,,,,,,,,,,,,,,,,,,,,,
brain death,G9382,,,,,,,,,,,,,,,,,,,,,,,,,,,,,,,,,,,,,,,,,,,,,,,,,,,,,,,,,,,,,,,,,,,,,,,,,,,,,,,,,,,,,,,,,,,,,,,,,,,,,,,,,,,,,,,,,,,,,,,,,,,,,,,,,,,,,,,,,,,,,,,,,,,,,,,,,,,,,,,,,,,,,,,,,,,,,,,,,,,,,,,,,,,,,,,,,,,,,,,,,,,,,,,,,,,,,,,,,,,,,,,,,,,,,,,,,,,,,,,,,,,,,,,,,,,,,,,,,,,,,,,,,,,,,,,,,,,,,,,,,,,,,,,,,,,,,,,,,,,,,,,,,,,,,,,,,,,,,,,,,,,,,,,,,,,,,,,,,,,,,,,,,,,,,,,,,,,,,,,,,,,,,,,,,,,,,,,,,,,,,,,,,,,,,,,,,,,,,,,,,,,,,,,,,,,,,,,,,,,,,,,,,,,,,,,,,,,,,,,,,,,,,,,,,,,,,,,,,,,,,,,,,,,,,,,,,,,,,,,,,,,,,,,,,,
Paroxysmal sympathetic hyperactivity,G904,G908,G9089,G909,,,,,,,,,,,,,,,,,,,,,,,,,,,,,,,,,,,,,,,,,,,,,,,,,,,,,,,,,,,,,,,,,,,,,,,,,,,,,,,,,,,,,,,,,,,,,,,,,,,,,,,,,,,,,,,,,,,,,,,,,,,,,,,,,,,,,,,,,,,,,,,,,,,,,,,,,,,,,,,,,,,,,,,,,,,,,,,,,,,,,,,,,,,,,,,,,,,,,,,,,,,,,,,,,,,,,,,,,,,,,,,,,,,,,,,,,,,,,,,,,,,,,,,,,,,,,,,,,,,,,,,,,,,,,,,,,,,,,,,,,,,,,,,,,,,,,,,,,,,,,,,,,,,,,,,,,,,,,,,,,,,,,,,,,,,,,,,,,,,,,,,,,,,,,,,,,,,,,,,,,,,,,,,,,,,,,,,,,,,,,,,,,,,,,,,,,,,,,,,,,,,,,,,,,,,,,,,,,,,,,,,,,,,,,,,,,,,,,,,,,,,,,,,,,,,,,,,,,,,,,,,,,,,,,,,,,,,,,,,,,,,,,,,
hydro,G91,G910,G911,G912,G913,G914,G918,G919,,,,,,,,,,,,,,,,,,,,,,,,,,,,,,,,,,,,,,,,,,,,,,,,,,,,,,,,,,,,,,,,,,,,,,,,,,,,,,,,,,,,,,,,,,,,,,,,,,,,,,,,,,,,,,,,,,,,,,,,,,,,,,,,,,,,,,,,,,,,,,,,,,,,,,,,,,,,,,,,,,,,,,,,,,,,,,,,,,,,,,,,,,,,,,,,,,,,,,,,,,,,,,,,,,,,,,,,,,,,,,,,,,,,,,,,,,,,,,,,,,,,,,,,,,,,,,,,,,,,,,,,,,,,,,,,,,,,,,,,,,,,,,,,,,,,,,,,,,,,,,,,,,,,,,,,,,,,,,,,,,,,,,,,,,,,,,,,,,,,,,,,,,,,,,,,,,,,,,,,,,,,,,,,,,,,,,,,,,,,,,,,,,,,,,,,,,,,,,,,,,,,,,,,,,,,,,,,,,,,,,,,,,,,,,,,,,,,,,,,,,,,,,,,,,,,,,,,,,,,,,,,,,,,,,,,,,,,,,,,,,,
skull fracture,S020,S020XXA,S020XXB,S020XXD,S020XXG,S020XXK,S020XXS,S021,S0210,S02101,S02102,S02109,S0211,S02110,S02111,S02112,S02113,S02118,S02119,S0211A,S0211AA,S0211AB,S0211AD,S0211AG,S0211AK,S0211AS,S0211B,S0211BA,S0211BB,S0211BD,S0211BG,S0211BK,S0211BS,S0211C,S0211CA,S0211CB,S0211CD,S0211CG,S0211CK,S0211CS,S0211D,S0211DA,S0211DB,S0211DD,S0211DG,S0211DK,S0211DS,S0211E,S0211EA,S0211EB,S0211ED,S0211EG,S0211EK,S0211ES,S0211F,S0211FA,S0211FB,S0211FD,S0211FG,S0211FK,S0211FS,S0211G,S0211GA,S0211GB,S0211GD,S0211GG,S0211GK,S0211GS,S0211H,S0211HA,S0211HB,S0211HD,S0211HG,S0211HK,S0211HS,S0212,S02121,S02121A,S02121B,S02121D,S02121G,S02121K,S02121S,S02122,S02122A,S02122B,S02122D,S02122G,S02122K,S02122S,S02129,S02129A,S02129B,S02129D,S02129G,S02129K,S02129S,S0219,S0219XA,S0219XB,S0219XD,S0219XG,S0219XK,S0219XS,S022,S022XXA,S022XXB,S022XXD,S022XXG,S022XXK,S022XXS,S023,S0230,S0230XA,S0230XB,S0230XD,S0230XG,S0230XK,S0230XS,S0231,S0231XA,S0231XB,S0231XD,S0231XG,S0231XK,S0231XS,S0232,S0232XA,S0232XB,S0232XD,S0232XG,S0232XK,S0232XS,S024,S0240,S0240M,S0240MA,S0240MB,S0240MD,S0240MG,S0240MK,S0240MS,S0241,S0241A,S0241B,S0241D,S0241G,S0241K,S0241S,S0242,S0242A,S0242B,S0242D,S0242G,S0242K,S0242S,S0240A,S0240AA,S0240AB,S0240AD,S0240AG,S0240AK,S0240AS,S0240B,S0240BA,S0240BB,S0240BD,S0240BG,S0240BK,S0240BS,S0240C,S0240CA,S0240CB,S0240CD,S0240CG,S0240CK,S0240CS,S0240D,S0240DA,S0240DB,S0240DD,S0240DG,S0240DK,S0240DS,S0240E,S0240EA,S0240EB,S0240ED,S0240EG,S0240EK,S0240ES,S0240F,S0240FA,S0240FB,S0240FD,S0240FG,S0240FK,S0240FS,S0241,S02411,S02411A,S02411B,S02411D,S02411G,S02411K,S02411S,S02412,S02412A,S02412B,S02412D,S02412G,S02412K,S02412S,S02413,S02413A,S02413B,S02413D,S02413G,S02413K,S02413S,S0242,S0242XA,S0242XB,S0242XD,S0242XG,S0242XK,S0242XS,S026,S0260,S02600,S02600A,S02600B,S02600D,S02600G,S02600K,S02600S,S02601,S02601A,S02601B,S02601D,S02601G,S02601K,S02601S,S02602,S02602A,S02602B,S02602D,S02602G,S02602K,S02602S,S02609,S02609A,S02609B,S02609D,S02609G,S02609K,S02609S,S0261,S02610,S02610A,S02610B,S02610D,S02610G,S02610K,S02610S,S02611,S02611A,S02611B,S02611D,S02611G,S02611K,S02611S,S02612,S02612A,S02612B,S02612D,S02612G,S02612K,S02612S,S0262,S02620,S02620A,S02620B,S02620D,S02620G,S02620K,S02620S,S02621,S02621A,S02621B,S02621D,S02621G,S02621K,S02621S,S02622,S02622A,S02622B,S02622D,S02622G,S02622K,S02622S,S0263,S02630,S02630A,S02630B,S02630D,S02630G,S02630K,S02630S,S02631,S02631A,S02631B,S02631D,S02631G,S02631K,S02631S,S02632,S02632A,S02632B,S02632D,S02632G,S02632K,S02632S,S0264,S02640,S02640A,S02640B,S02640D,S02640G,S02640K,S02640S,S02641,S02641A,S02641B,S02641D,S02641G,S02641K,S02641S,S02642,S02642A,S02642B,S02642D,S02642G,S02642K,S02642S,S0265,S02650,S02650A,S02650B,S02650D,S02650G,S02650K,S02650S,S02651,S02651A,S02651B,S02651D,S02651G,S02651K,S02651S,S02652,S02652A,S02652B,S02652D,S02652G,S02652K,S02652S,S0266,S0266XA,S0266XB,S0266XD,S0266XG,S0266XK,S0266XS,S0267,S02670,S02670A,S02670B,S02670D,S02670G,S02670K,S02670S,S02671,S02671A,S02671B,S02671D,S02671G,S02671K,S02671S,S02672,S02672A,S02672B,S02672D,S02672G,S02672K,S02672S,S0269,S0269XA,S0269XB,S0269XD,S0269XG,S0269XK,S0269XS,S028,S0280,S0280XA,S0280XB,S0280XD,S0280XG,S0280XK,S0280XS,S0281,S0281XA,S0281XB,S0281XD,S0281XG,S0281XK,S0281XS,S0282,S0282XA,S0282XB,S0282XD,S0282XG,S0282XK,S0282XS,S0283,S02831,S02831A,S02831B,S02831D,S02831G,S02831K,S02831S,S02832,S02832A,S02832B,S02832D,S02832G,S02832K,S02832S,S02839,S02839A,S02839B,S02839D,S02839G,S02839K,S02839S,S0284,S02841,S02841A,S02841B,S02841D,S02841G,S02841K,S02841S,S02842,S02842A,S02842B,S02842D,S02842G,S02842K,S02842S,S02849,S02849A,S02849B,S02849D,S02849G,S02849K,S02849S,S0285,S0285XA,S0285XB,S0285XD,S0285XG,S0285XK,S0285XS,S029,S0291,S0291XA,S0291XB,S0291XD,S0291XG,S0291XK,S0291XS,S0292,S0292XA,S0292XB,S0292XD,S0292XG,S0292XK,S0292XS
abuse,T74,T740,T7401,T7401XA,T7401XD,T7401XS,T741,T7411,T7411XA,T7411XD,T7411XS,T742,T7421,T7421XA,T7421XD,T7421XS,T743,T7431,T7431XA,T7431XD,T7431XS,T749,T7491,T7491XA,T7491XD,T7491XS,,,,,,,,,,,,,,,,,,,,,,,,,,,,,,,,,,,,,,,,,,,,,,,,,,,,,,,,,,,,,,,,,,,,,,,,,,,,,,,,,,,,,,,,,,,,,,,,,,,,,,,,,,,,,,,,,,,,,,,,,,,,,,,,,,,,,,,,,,,,,,,,,,,,,,,,,,,,,,,,,,,,,,,,,,,,,,,,,,,,,,,,,,,,,,,,,,,,,,,,,,,,,,,,,,,,,,,,,,,,,,,,,,,,,,,,,,,,,,,,,,,,,,,,,,,,,,,,,,,,,,,,,,,,,,,,,,,,,,,,,,,,,,,,,,,,,,,,,,,,,,,,,,,,,,,,,,,,,,,,,,,,,,,,,,,,,,,,,,,,,,,,,,,,,,,,,,,,,,,,,,,,,,,,,,,,,,,,,,,,,,,,,,,,,,,,,,,,,,,,,,,,,,,,,,,,,,,,,,,,,,,,,,,,,,,,,,,,,,,,,,,,,,,,,,,,,,,,,,,,,,,,,
